X,Y,Z,Intensity
0,0,0,19.553112894484833
0,0,1,19.868702558416008
0,0,2,19.293265970893305
0,0,3,-20.369944495849673
0,0,4,20.362501310218146
0,0,5,-19.358069468524533
0,0,6,19.520646478704666
0,0,7,22.08646380048452
0,0,8,20.45660725291255
0,0,9,-19.412137709681524
0,1,0,-19.71466976281733
0,1,1,20.24123191266874
0,1,2,20.1162893165222
0,1,3,20.411838931049765
0,1,4,-19.70977499483623
0,1,5,20.42953132468425
0,1,6,-20.28560721746634
0,1,7,20.246374243201664
0,1,8,-19.359434048658066
0,1,9,-19.71466976281733
0,2,0,-19.795197716506994
0,2,1,-19.795197716506994
0,2,2,-19.652392728856316
0,2,3,-20.211255260866217
0,2,4,-19.879001154593972
0,2,5,-19.879001154593972
0,2,6,-20.37043889555391
0,2,7,20.246374243201664
0,2,8,19.43062249488906
0,2,9,-19.549387046499994
0,3,0,-19.589873298852236
0,3,1,-18.558740238742462
0,3,2,19.818593299137785
0,3,3,-20.08674306884347
0,3,4,-18.914437023658852
0,3,5,-18.804861595400425
0,3,6,-18.804861595400425
0,3,7,19.97831274477878
0,3,8,19.443903511088543
0,3,9,-19.96918029504264
0,4,0,19.507814489224387
0,4,1,19.667094687010845
0,4,2,19.952806832050864
0,4,3,-19.054106202193086
0,4,4,-18.908310190833994
0,4,5,19.98394352918403
0,4,6,19.5448028740412
0,4,7,-18.949812128055633
0,4,8,-20.857681696699565
0,4,9,-20.857681696699565
0,5,0,-18.540924820292616
0,5,1,-19.14794262205898
0,5,2,-20.40727254650985
0,5,3,-20.35735193707709
0,5,4,-20.097365406359142
0,5,5,20.13839816302244
0,5,6,19.5448028740412
0,5,7,-18.77260869165307
0,5,8,20.006269677032506
0,5,9,-18.59296913789807
0,6,0,20.56746349498523
0,6,1,-20.03793411897599
0,6,2,-20.03793411897599
0,6,3,20.17235710359857
0,6,4,20.437122456288073
0,6,5,19.44620605493177
0,6,6,19.68887933408799
0,6,7,-19.277941496709417
0,6,8,-19.39350815301613
0,6,9,19.811596482470964
0,7,0,20.422186852708865
0,7,1,20.029486813854714
0,7,2,-19.64392250688851
0,7,3,-19.924922239372215
0,7,4,-19.654484652167824
0,7,5,-19.824335144350755
0,7,6,19.16603613899249
0,7,7,-19.715294670466047
0,7,8,-19.660129267074094
0,7,9,-20.02209205248682
0,8,0,20.452870808254197
0,8,1,-19.84416220286201
0,8,2,19.00846295060743
0,8,3,20.268063077711222
0,8,4,-20.20337561549382
0,8,5,18.988771219874316
0,8,6,-18.647946037718725
0,8,7,-20.566577286188334
0,8,8,-20.377622322351407
0,8,9,-20.257177750727582
0,9,0,-19.940066961416843
0,9,1,-19.78076162344137
0,9,2,-20.28258378569232
0,9,3,20.348754873425
0,9,4,20.362501310218146
0,9,5,-19.55684761314803
0,9,6,19.494812405316214
0,9,7,18.64305694241186
0,9,8,-19.703775921249644
0,9,9,20.1321782350243
1,0,0,-18.46319470740125
1,0,1,-20.42162275347377
1,0,2,-20.329930722345864
1,0,3,-20.429689994886512
1,0,4,20.281831189807033
1,0,5,20.161798804684743
1,0,6,20.132262060984967
1,0,7,19.729313254547915
1,0,8,-19.790158014724483
1,0,9,20.552054654905202
1,1,0,-18.879911766094224
1,1,1,-19.54057157649231
1,1,2,-20.37699524024948
1,1,3,-21.40186898714528
1,1,4,-19.277686692841893
1,1,5,-20.28471812806653
1,1,6,-20.303282918133263
1,1,7,-21.26051173724789
1,1,8,-19.499592655029744
1,1,9,20.388512094059795
1,2,0,-17.794634975399923
1,2,1,20.150800617315287
1,2,2,-18.88588231892498
1,2,3,20.42920972296285
1,2,4,-21.252607583724277
1,2,5,-21.190503030472048
1,2,6,-19.88483138312117
1,2,7,20.142648507682004
1,2,8,18.736099556301223
1,2,9,20.388512094059795
1,3,0,20.042891282246536
1,3,1,19.710340422425446
1,3,2,19.818593299137785
1,3,3,-18.944981032203575
1,3,4,19.40892681524081
1,3,5,-19.011688316213817
1,3,6,-19.56526952859491
1,3,7,-19.435291049484388
1,3,8,-19.296472905800435
1,3,9,19.886481223356036
1,4,0,-18.428241471062233
1,4,1,19.751064678080542
1,4,2,20.02015251051803
1,4,3,19.43469442789175
1,4,4,19.57838126119823
1,4,5,19.49889332741658
1,4,6,-21.584440798222715
1,4,7,-18.949812128055633
1,4,8,18.64316626950552
1,4,9,-21.117856647973294
1,5,0,-20.81560998517412
1,5,1,19.751064678080542
1,5,2,19.863281724883894
1,5,3,19.863281724883894
1,5,4,20.047059825895055
1,5,5,20.23359475173612
1,5,6,19.894629845105168
1,5,7,20.090311495637987
1,5,8,19.689063301768122
1,5,9,-18.587844338925468
1,6,0,21.04710301346554
1,6,1,-19.65305602501447
1,6,2,-19.65142250160963
1,6,3,20.592817091449536
1,6,4,-19.868823527583544
1,6,5,-19.925035558675418
1,6,6,-19.792404888264493
1,6,7,-20.245645663245227
1,6,8,20.749880604374873
1,6,9,21.04710301346554
1,7,0,20.133840026790214
1,7,1,19.677744960450617
1,7,2,-19.6422884314151
1,7,3,-19.76545291421911
1,7,4,20.456277001606836
1,7,5,-19.311710534473555
1,7,6,-19.542823103492253
1,7,7,20.56268516303571
1,7,8,-20.83656531047118
1,7,9,20.136988077658135
1,8,0,-19.697063824953382
1,8,1,20.380543867438583
1,8,2,18.921716024624686
1,8,3,-20.237329251739155
1,8,4,-20.237329251739155
1,8,5,18.988771219874316
1,8,6,20.45798259507902
1,8,7,20.507620474936402
1,8,8,19.879724154299367
1,8,9,-19.64465938416695
1,9,0,18.553143836971074
1,9,1,20.380543867438583
1,9,2,19.156441698008173
1,9,3,20.41184725841649
1,9,4,20.18547647343587
1,9,5,20.130996527744706
1,9,6,20.130996527744706
1,9,7,18.990600156810938
1,9,8,-18.88377991057107
1,9,9,18.553143836971074
2,0,0,20.606140619329608
2,0,1,18.784333498839526
2,0,2,20.267189796052808
2,0,3,20.547911237984444
2,0,4,20.700655796145348
2,0,5,-20.442715781314575
2,0,6,19.566656729716502
2,0,7,19.729313254547915
2,0,8,-19.866545921809916
2,0,9,20.606140619329608
2,1,0,-18.879911766094224
2,1,1,-19.1120761386095
2,1,2,-20.257727802012674
2,1,3,-19.66545221695692
2,1,4,20.56089425868131
2,1,5,-20.45742084746569
2,1,6,19.64404130060187
2,1,7,21.075875262354174
2,1,8,-19.458831614250567
2,1,9,20.090938582797634
2,2,0,-19.97505580976
2,2,1,19.374218662781555
2,2,2,19.706146425978275
2,2,3,-19.811256046540795
2,2,4,-19.84111219664375
2,2,5,-20.609365738270427
2,2,6,-20.312460554703364
2,2,7,19.580866993305754
2,2,8,-19.610331318426315
2,2,9,20.22771798204445
2,3,0,-20.183884495736805
2,3,1,21.699293180586302
2,3,2,20.01889912769174
2,3,3,-18.782240384161188
2,3,4,19.40892681524081
2,3,5,-20.609365738270427
2,3,6,19.36514903283935
2,3,7,-19.435291049484388
2,3,8,-19.743777605529075
2,3,9,-19.743777605529075
2,4,0,-20.183884495736805
2,4,1,-19.949705253778784
2,4,2,20.166087643048773
2,4,3,19.33592324340168
2,4,4,19.265736045054503
2,4,5,-19.644579131643948
2,4,6,19.826487869617274
2,4,7,19.61800567516159
2,4,8,-19.416954568600516
2,4,9,18.510296567437262
2,5,0,-19.583984734586693
2,5,1,-19.960025285307267
2,5,2,19.443719349141666
2,5,3,-20.398221508619294
2,5,4,20.590359128162838
2,5,5,19.314010391271154
2,5,6,19.525977104429835
2,5,7,19.59288820703627
2,5,8,19.895064435762336
2,5,9,18.568779586283384
2,6,0,19.365732402504833
2,6,1,20.2140432552161
2,6,2,18.359591268655983
2,6,3,19.363947921797276
2,6,4,20.58733305893017
2,6,5,19.552263902862997
2,6,6,19.186679061735607
2,6,7,21.072690550928474
2,6,8,20.447806400757642
2,6,9,20.842522367691387
2,7,0,-19.454223260589963
2,7,1,-19.610271364040948
2,7,2,-20.006170286118383
2,7,3,-19.851618344432467
2,7,4,19.99458530692316
2,7,5,19.913104722653948
2,7,6,-19.30387484083725
2,7,7,-20.789600883977208
2,7,8,-20.324170988872226
2,7,9,-20.277903241495544
2,8,0,20.663114881403075
2,8,1,20.57772279751611
2,8,2,20.562577427687685
2,8,3,-19.807894600534624
2,8,4,-19.868379877360855
2,8,5,21.650067295873896
2,8,6,-18.51292838307568
2,8,7,19.909747072007278
2,8,8,20.025666823933975
2,8,9,-20.25985522747921
2,9,0,19.22550207207226
2,9,1,-19.637867955061406
2,9,2,-19.566486060275032
2,9,3,20.248535060550047
2,9,4,-19.574230096552675
2,9,5,-19.6591415577652
2,9,6,-18.47498994845085
2,9,7,19.909747072007278
2,9,8,-18.88377991057107
2,9,9,18.442834497403503
3,0,0,19.305107861555946
3,0,1,19.66918430439524
3,0,2,19.811561214513883
3,0,3,20.567083846939912
3,0,4,20.499402257978808
3,0,5,-19.136741568252223
3,0,6,19.566656729716502
3,0,7,19.381587786325134
3,0,8,-19.34046483118203
3,0,9,20.611753711529456
3,1,0,19.256364821354246
3,1,1,-18.804328367162412
3,1,2,-19.49215240883158
3,1,3,20.557520955398186
3,1,4,20.56089425868131
3,1,5,-20.46559750273439
3,1,6,-19.55228830625345
3,1,7,-20.044474828662725
3,1,8,19.37826294722523
3,1,9,-20.230102827541973
3,2,0,-19.97505580976
3,2,1,-20.28532521114633
3,2,2,19.706146425978275
3,2,3,20.45156891218042
3,2,4,20.446940598257633
3,2,5,-19.839852909536802
3,2,6,-19.06792171304567
3,2,7,19.580866993305754
3,2,8,-19.610331318426315
3,2,9,20.1511632092405
3,3,0,-20.202326153568478
3,3,1,-20.202326153568478
3,3,2,20.568725326465334
3,3,3,18.793543317083433
3,3,4,20.52995991834142
3,3,5,-19.343863496047405
3,3,6,20.62671741392183
3,3,7,19.87956330724453
3,3,8,19.87956330724453
3,3,9,20.880534893123222
3,4,0,21.06621373947163
3,4,1,20.04197353089151
3,4,2,20.38330000625599
3,4,3,18.249669923390222
3,4,4,-19.88895938564637
3,4,5,-19.644579131643948
3,4,6,-20.014759243016563
3,4,7,-19.28774232272595
3,4,8,19.946970583063766
3,4,9,-20.043242334541663
3,5,0,-19.520739547216394
3,5,1,20.13373169525991
3,5,2,20.38330000625599
3,5,3,-19.52058523350494
3,5,4,20.527987082464694
3,5,5,19.615415295425713
3,5,6,19.461129458933456
3,5,7,18.999922436417584
3,5,8,-19.998882498752142
3,5,9,-19.97661450105973
3,6,0,18.754568717857943
3,6,1,20.13373169525991
3,6,2,20.21079175524039
3,6,3,20.133640874716505
3,6,4,20.58733305893017
3,6,5,19.51301494620732
3,6,6,-19.2556649594907
3,6,7,-21.039029016431908
3,6,8,-19.712817737387777
3,6,9,-19.97661450105973
3,7,0,18.905959502478524
3,7,1,-19.793621884779878
3,7,2,-19.721107921776408
3,7,3,20.21682593438764
3,7,4,-19.713282303350997
3,7,5,19.55030113076674
3,7,6,-19.112520943558987
3,7,7,19.732560182515776
3,7,8,-20.48430028520421
3,7,9,-20.277903241495544
3,8,0,-19.22669095661696
3,8,1,-18.39743930098604
3,8,2,20.248871971851976
3,8,3,20.764208843424893
3,8,4,18.81572585311165
3,8,5,19.689753661148963
3,8,6,19.837053963134018
3,8,7,19.8899393512556
3,8,8,-20.28723032244422
3,8,9,-19.330899407584138
3,9,0,19.657160765059928
3,9,1,20.29084324897253
3,9,2,-19.60241654261386
3,9,3,-18.894654607095983
3,9,4,18.654627573297745
3,9,5,-19.694436702657853
3,9,6,-19.601829626131643
3,9,7,19.822258206718374
3,9,8,-18.777224832893804
3,9,9,19.97136140402574
4,0,0,19.646201547306596
4,0,1,19.646849684357676
4,0,2,-20.14554385241758
4,0,3,-20.14554385241758
4,0,4,21.397488169452792
4,0,5,-18.978791469796235
4,0,6,-20.119491322422626
4,0,7,-20.600722055836133
4,0,8,20.05718130515748
4,0,9,-20.69549521666744
4,1,0,19.21145215354025
4,1,1,19.072577763098405
4,1,2,20.432196366232358
4,1,3,-20.310536284636058
4,1,4,-20.310536284636058
4,1,5,18.434520037161942
4,1,6,20.421691799351724
4,1,7,19.48401396254868
4,1,8,-21.030087740504968
4,1,9,-20.326920644845593
4,2,0,-19.560316277200243
4,2,1,-20.60065112893774
4,2,2,20.092845380215426
4,2,3,20.396618447810994
4,2,4,-18.281081848367105
4,2,5,18.717256460211424
4,2,6,-19.793259590014063
4,2,7,19.711996075932248
4,2,8,19.75922350959528
4,2,9,-19.670943081128513
4,3,0,18.238413295586163
4,3,1,20.341154149555024
4,3,2,20.568725326465334
4,3,3,20.396618447810994
4,3,4,19.044444788199126
4,3,5,-19.18525873012156
4,3,6,20.41392619104678
4,3,7,19.790398210688934
4,3,8,-20.81386473949822
4,3,9,-19.563561688533188
4,4,0,19.61118790847019
4,4,1,-20.135674034848993
4,4,2,20.20992644827839
4,4,3,19.747387508576935
4,4,4,20.398885228914693
4,4,5,19.660646220723564
4,4,6,-20.64783771747392
4,4,7,-20.5531191669049
4,4,8,19.946970583063766
4,4,9,19.5972794428304
4,5,0,19.768429524633547
4,5,1,-20.246276484201726
4,5,2,-19.98183986373597
4,5,3,18.560661595870357
4,5,4,20.54444246459763
4,5,5,19.660646220723564
4,5,6,-19.796626597697475
4,5,7,-20.608827410055
4,5,8,19.56361821489019
4,5,9,19.56361821489019
4,6,0,-19.690803583521834
4,6,1,-19.58484154566993
4,6,2,-20.018522613522073
4,6,3,-20.018522613522073
4,6,4,-19.76388609581122
4,6,5,19.522888613841705
4,6,6,-18.721052592250864
4,6,7,-18.721052592250864
4,6,8,-19.8761152016178
4,6,9,-19.902009606241663
4,7,0,20.099604392393548
4,7,1,-19.793621884779878
4,7,2,-19.721107921776408
4,7,3,-19.59513596569913
4,7,4,-20.16890653963856
4,7,5,-19.295952894732075
4,7,6,-19.212370851817806
4,7,7,-19.806625760832432
4,7,8,20.60287626035343
4,7,9,19.94833160267018
4,8,0,19.978252309891936
4,8,1,20.088481299943446
4,8,2,20.5807593462621
4,8,3,-19.735515794859936
4,8,4,-19.702500852143494
4,8,5,-20.208319092316998
4,8,6,-20.255395674372224
4,8,7,-20.312493528381612
4,8,8,19.95486447615756
4,8,9,-20.04025989247693
4,9,0,19.646201547306596
4,9,1,-20.099620560264583
4,9,2,20.524802163633016
4,9,3,19.520512491916996
4,9,4,19.40468744806131
4,9,5,-18.780409495630234
4,9,6,-20.275493942814542
4,9,7,19.948520865144875
4,9,8,20.045239373314324
4,9,9,18.99509001963523
5,0,0,-21.564269689620673
5,0,1,-20.073781928932608
5,0,2,20.3867783939448
5,0,3,20.73632220169776
5,0,4,20.626301941725128
5,0,5,-19.937923682793098
5,0,6,-19.973446234519194
5,0,7,-19.37210736723378
5,0,8,20.05718130515748
5,0,9,-19.4264004964892
5,1,0,-20.327389017988608
5,1,1,-20.194821046748665
5,1,2,-20.551430813385643
5,1,3,-20.34442039305239
5,1,4,20.654630593997275
5,1,5,-20.211283508160612
5,1,6,-20.27219278752151
5,1,7,19.648986525853896
5,1,8,-20.702193323906094
5,1,9,-20.326920644845593
5,2,0,-20.327389017988608
5,2,1,-20.175376964497197
5,2,2,22.79941365032417
5,2,3,-19.976399947126893
5,2,4,20.22782650320658
5,2,5,-19.796758408295254
5,2,6,-19.907415432925863
5,2,7,19.622257021903952
5,2,8,-18.712236515122807
5,2,9,-20.35505930137598
5,3,0,-20.184281781059205
5,3,1,-20.282684222421164
5,3,2,20.312530090851016
5,3,3,-19.872592021533077
5,3,4,-18.908947230457237
5,3,5,-19.010067593029827
5,3,6,-19.94085869676322
5,3,7,-19.860330474004066
5,3,8,20.801950062995253
5,3,9,19.315492935084183
5,4,0,-20.23884929273207
5,4,1,-19.69551307919324
5,4,2,-19.687916405454004
5,4,3,19.152372274860724
5,4,4,19.442699436960833
5,4,5,19.46392660479873
5,4,6,21.221380579291647
5,4,7,21.169400056309904
5,4,8,20.227758281149406
5,4,9,19.255193455689355
5,5,0,-21.55524304600007
5,5,1,18.94347766369867
5,5,2,-18.27040105922331
5,5,3,-19.314288398960564
5,5,4,19.542472187704078
5,5,5,19.858977626793425
5,5,6,-19.45591405467897
5,5,7,19.082727154812922
5,5,8,-19.52655198726254
5,5,9,19.542180344421787
5,6,0,20.16684294684702
5,6,1,18.94347766369867
5,6,2,-20.403288818128004
5,6,3,20.306253293532645
5,6,4,-20.426438086648883
5,6,5,21.302207033878833
5,6,6,-19.577527170880124
5,6,7,-19.8042578539188
5,6,8,-19.624749270965612
5,6,9,-19.14170717842479
5,7,0,19.951866906195832
5,7,1,19.91995931764736
5,7,2,20.04900187173528
5,7,3,20.212196748730435
5,7,4,20.57364666732832
5,7,5,19.383840339163037
5,7,6,19.383840339163037
5,7,7,-19.8042578539188
5,7,8,20.74113339205431
5,7,9,20.248801403758193
5,8,0,-18.74506031845978
5,8,1,19.935787320893986
5,8,2,-19.841888639169166
5,8,3,18.72716754948685
5,8,4,-20.259223163925352
5,8,5,-20.259223163925352
5,8,6,-19.848191891396006
5,8,7,-19.226394269984507
5,8,8,-19.226394269984507
5,8,9,19.881230445900748
5,9,0,18.925416947120226
5,9,1,-20.165330065930977
5,9,2,-19.949112724172693
5,9,3,20.625569853682368
5,9,4,19.416973136562437
5,9,5,19.089901608006702
5,9,6,-20.275493942814542
5,9,7,19.730578099813155
5,9,8,18.872907558486457
5,9,9,18.91764089173358
6,0,0,19.133900869941876
6,0,1,-19.442239440399852
6,0,2,-19.442239440399852
6,0,3,-19.920135970277595
6,0,4,-20.75101240714854
6,0,5,19.957294982334957
6,0,6,20.227697711820227
6,0,7,-19.44219218323017
6,0,8,21.03489003137303
6,0,9,-19.619032941903523
6,1,0,-19.549487532776674
6,1,1,-20.1815792886102
6,1,2,20.09984037722771
6,1,3,-20.446325324564107
6,1,4,-20.74499619249093
6,1,5,20.333918875573527
6,1,6,-20.173070381341276
6,1,7,19.57244396108419
6,1,8,-19.30839208619539
6,1,9,-19.50651168050613
6,2,0,-20.29241734423624
6,2,1,20.185253271824
6,2,2,20.09984037722771
6,2,3,-18.14326809278161
6,2,4,-18.29806784400754
6,2,5,-19.993679283618057
6,2,6,-20.136323018915522
6,2,7,19.622257021903952
6,2,8,-19.361641581093004
6,2,9,20.64007954126183
6,3,0,20.595244633080497
6,3,1,-19.859249725408155
6,3,2,-20.085521789189137
6,3,3,-19.953059415631245
6,3,4,20.060312551429192
6,3,5,20.060312551429192
6,3,6,19.447456059181672
6,3,7,-20.849866276183306
6,3,8,-19.361641581093004
6,3,9,20.64007954126183
6,4,0,20.8304539975946
6,4,1,-19.69551307919324
6,4,2,19.671497509252994
6,4,3,-20.033617494441625
6,4,4,-19.913390697720363
6,4,5,19.51392034915049
6,4,6,-19.90696676286391
6,4,7,16.834448237485248
6,4,8,-19.236291251733594
6,4,9,20.08006578728749
6,5,0,19.04736146310806
6,5,1,18.98098457774543
6,5,2,-19.890797589161515
6,5,3,20.235914715461423
6,5,4,-19.99312646361818
6,5,5,19.240099117781618
6,5,6,18.691178426298368
6,5,7,20.432682714636478
6,5,8,20.73477494206214
6,5,9,-18.385528727282402
6,6,0,-19.73978976528071
6,6,1,-19.698021944512718
6,6,2,-19.68355166635862
6,6,3,-19.557860777647818
6,6,4,-19.475484526006113
6,6,5,-19.796621825957054
6,6,6,18.67785922667539
6,6,7,-19.887883541385882
6,6,8,-19.638200146103692
6,6,9,-19.50412132840429
6,7,0,-18.792562480692013
6,7,1,19.91995931764736
6,7,2,20.103963585073096
6,7,3,20.475472635451894
6,7,4,-19.682825302656664
6,7,5,-19.18260388258233
6,7,6,-21.336939442229493
6,7,7,19.509075753306643
6,7,8,-19.638200146103692
6,7,9,20.067019964245684
6,8,0,-18.788239328254917
6,8,1,17.636490977484826
6,8,2,-20.209965637835936
6,8,3,18.349788009337097
6,8,4,-19.651925485420776
6,8,5,20.47586904424627
6,8,6,-20.23507368112805
6,8,7,19.746681513545184
6,8,8,-19.70892668374688
6,8,9,20.30226948531191
6,9,0,-18.694991078720058
6,9,1,19.71291726040186
6,9,2,-20.209965637835936
6,9,3,18.448064759061886
6,9,4,-19.63382987762086
6,9,5,-20.179205289945248
6,9,6,-20.29091696937339
6,9,7,-20.150398432843232
6,9,8,-19.774929937939554
6,9,9,-19.5575140105803
7,0,0,20.983023817655564
7,0,1,-19.503287488026942
7,0,2,18.76613111715522
7,0,3,-20.895497465711813
7,0,4,-19.74695340871076
7,0,5,19.8398224304837
7,0,6,19.52591085492635
7,0,7,-20.194634429661065
7,0,8,20.81476738436539
7,0,9,20.814796831074283
7,1,0,-19.326225950678342
7,1,1,19.975398649925612
7,1,2,-19.480968615721
7,1,3,-19.332220653045226
7,1,4,-20.748915349695796
7,1,5,19.77836604058736
7,1,6,-19.570684181346063
7,1,7,-20.194634429661065
7,1,8,-20.52536980756905
7,1,9,-19.369009135141635
7,2,0,-19.31329747598653
7,2,1,19.603573126898045
7,2,2,-19.410378554156708
7,2,3,19.82414723144198
7,2,4,-20.518860998948266
7,2,5,-19.836382633453226
7,2,6,20.87400713160335
7,2,7,-19.458659561245405
7,2,8,-20.01929613563793
7,2,9,20.46325178287853
7,3,0,-19.223490150057756
7,3,1,19.870352904439628
7,3,2,19.9262284952549
7,3,3,19.588853170902777
7,3,4,-20.066797527676005
7,3,5,20.106446354744328
7,3,6,-19.783020443893776
7,3,7,20.348399074843247
7,3,8,20.227519343852766
7,3,9,-19.246602065526666
7,4,0,19.810164210707626
7,4,1,-19.81810789060107
7,4,2,19.712888674489875
7,4,3,-20.072121826310024
7,4,4,-20.32454599094446
7,4,5,20.3684929964529
7,4,6,-20.05751191565258
7,4,7,-20.05751191565258
7,4,8,-19.80915670785649
7,4,9,19.785765153715367
7,5,0,19.09796974205622
7,5,1,19.755773795638532
7,5,2,20.03577126247824
7,5,3,19.934747547160956
7,5,4,-19.832389312590912
7,5,5,-18.605442302757965
7,5,6,-18.595920926324496
7,5,7,-18.60167874517043
7,5,8,-18.896547812109635
7,5,9,-19.625357456096165
7,6,0,-19.53501764431833
7,6,1,-19.17268952294325
7,6,2,20.24580158898383
7,6,3,-21.041093124173415
7,6,4,20.280021039896646
7,6,5,18.909276719121134
7,6,6,-18.595920926324496
7,6,7,18.29169950073357
7,6,8,-18.84572750015358
7,6,9,-19.698436329557996
7,7,0,19.519027570288515
7,7,1,-19.53424449167201
7,7,2,-20.419307651981395
7,7,3,-20.658913954822758
7,7,4,19.642448641430583
7,7,5,19.453875368297208
7,7,6,19.73264220836719
7,7,7,-21.926559545509477
7,7,8,20.451070114107075
7,7,9,20.451070114107075
7,8,0,-19.856424901540677
7,8,1,22.214197672238022
7,8,2,19.94476081609796
7,8,3,18.707628306084104
7,8,4,-19.63514732080763
7,8,5,19.481701732427553
7,8,6,19.735659812085895
7,8,7,19.710974036037644
7,8,8,-19.863778812838444
7,8,9,-19.58958905945428
7,9,0,-19.77896673306396
7,9,1,20.178416591767498
7,9,2,-21.51911054176118
7,9,3,18.72728821952862
7,9,4,-19.63514732080763
7,9,5,-20.089263778566675
7,9,6,-20.44938995607818
7,9,7,-20.017836161514094
7,9,8,20.159863499882547
7,9,9,-19.5575140105803
8,0,0,-19.554801665121676
8,0,1,-19.51908753852193
8,0,2,-19.5274031340715
8,0,3,20.23705098965612
8,0,4,20.545841428005126
8,0,5,20.13674250902372
8,0,6,-20.37984228925459
8,0,7,-19.296842803217928
8,0,8,18.739906839819405
8,0,9,-19.907799148090334
8,1,0,19.779789481558222
8,1,1,21.70514329319699
8,1,2,20.29696152322557
8,1,3,20.17261007367363
8,1,4,-20.51200715533161
8,1,5,-20.651375968891504
8,1,6,-19.937242190699685
8,1,7,20.322692900759332
8,1,8,20.274548576246474
8,1,9,19.640309531643638
8,2,0,-19.79337053688281
8,2,1,-19.50296017430131
8,2,2,-19.602738650931414
8,2,3,20.595478088632973
8,2,4,-19.53049050545676
8,2,5,-19.761176602781582
8,2,6,21.549402319947056
8,2,7,-19.06455088239877
8,2,8,19.66447402311541
8,2,9,19.66447402311541
8,3,0,19.49413779222261
8,3,1,-20.065009036160106
8,3,2,-19.358220551650685
8,3,3,-20.109471690760266
8,3,4,20.217121881245703
8,3,5,-19.592619171701084
8,3,6,20.294838206103567
8,3,7,20.242886784566362
8,3,8,19.685018319416596
8,3,9,-19.1889071486212
8,4,0,19.868618378705897
8,4,1,-19.762724385069454
8,4,2,19.92915867358205
8,4,3,-19.744371020479235
8,4,4,-19.709077044156246
8,4,5,-19.72879793697146
8,4,6,-19.712872698896206
8,4,7,20.42665737232028
8,4,8,-19.89003681969047
8,4,9,20.07850531959831
8,5,0,19.901257327821476
8,5,1,19.815126675207217
8,5,2,18.9517243014637
8,5,3,18.72419282582327
8,5,4,-19.997457638362743
8,5,5,21.30666442289202
8,5,6,-19.824107080092602
8,5,7,20.135265210076128
8,5,8,20.362536980152676
8,5,9,19.901257327821476
8,6,0,-20.656520252896915
8,6,1,-20.490431451617766
8,6,2,-20.85187777126243
8,6,3,-21.091194960524348
8,6,4,-20.000908556677214
8,6,5,-18.862896535762037
8,6,6,21.060621237341113
8,6,7,-21.100156473464516
8,6,8,-18.897295181255792
8,6,9,19.78908851809774
8,7,0,19.69146635547455
8,7,1,20.053775329253327
8,7,2,19.768646347252535
8,7,3,20.02052069280814
8,7,4,-19.894929752840223
8,7,5,-20.8330617830926
8,7,6,21.079754493548236
8,7,7,-21.180523429456837
8,7,8,-21.077880402289544
8,7,9,-20.0862704408798
8,8,0,19.080073408163795
8,8,1,21.83326060837652
8,8,2,19.7558917462092
8,8,3,20.19395130982838
8,8,4,-19.904120623292794
8,8,5,-19.827741735315424
8,8,6,-19.989557625164455
8,8,7,20.283291784643396
8,8,8,-19.76142796174397
8,8,9,-19.793870656888224
8,9,0,-19.629687551683773
8,9,1,-19.77819544532799
8,9,2,19.281631090407053
8,9,3,-19.859190656987245
8,9,4,19.659933441874326
8,9,5,19.727937901744582
8,9,6,19.76349740435533
8,9,7,20.23861833192558
8,9,8,20.09764810033373
8,9,9,20.30045606920659
9,0,0,-19.712616091846172
9,0,1,20.09732318702132
9,0,2,20.381264658437715
9,0,3,20.835869685354645
9,0,4,-20.293387300871842
9,0,5,19.836739242682476
9,0,6,-20.31851625294937
9,0,7,20.98545283702452
9,0,8,-19.61880190852192
9,0,9,-20.236083291423984
9,1,0,-19.849390871779136
9,1,1,-21.091618423113598
9,1,2,-20.57281990658819
9,1,3,-19.480284626482938
9,1,4,18.40139894335774
9,1,5,-20.64171193274071
9,1,6,-20.34858345550154
9,1,7,-19.993721413724508
9,1,8,20.274548576246474
9,1,9,19.67090701389153
9,2,0,-19.79337053688281
9,2,1,-18.767626213935515
9,2,2,-19.515301392285117
9,2,3,-19.518770115599548
9,2,4,-19.585389652064165
9,2,5,-20.60444250200389
9,2,6,-19.997916882903688
9,2,7,-19.997916882903688
9,2,8,19.596944315451392
9,2,9,-20.024120411155305
9,3,0,19.345319355249217
9,3,1,-20.065009036160106
9,3,2,-19.554029535555898
9,3,3,18.51475879083607
9,3,4,19.328240742001782
9,3,5,19.953350953691853
9,3,6,-19.649029732589582
9,3,7,-19.681524501193067
9,3,8,19.685018319416596
9,3,9,21.196657872717918
9,4,0,-19.134264551643412
9,4,1,19.921573081683462
9,4,2,19.952806832050864
9,4,3,20.32453843555595
9,4,4,20.32453843555595
9,4,5,-20.66870236558967
9,4,6,19.33223463627497
9,4,7,20.38133490698716
9,4,8,20.023628160143126
9,4,9,-18.759122497424677
9,5,0,19.304104102663395
9,5,1,19.815126675207217
9,5,2,19.046043353517423
9,5,3,-20.452233905279343
9,5,4,-19.99786635730262
9,5,5,21.064345330143013
9,5,6,19.95928727231721
9,5,7,20.252702446662912
9,5,8,20.204779904658793
9,5,9,-18.71415145130404
9,6,0,19.304104102663395
9,6,1,-20.024191984190786
9,6,2,18.903717920637273
9,6,3,19.21991012951044
9,6,4,-19.99786635730262
9,6,5,-19.1510078711117
9,6,6,18.477103837470473
9,6,7,-18.17726449753224
9,6,8,19.705384099480334
9,6,9,17.95107029643888
9,7,0,20.422186852708865
9,7,1,20.053775329253327
9,7,2,-19.93587150731575
9,7,3,-19.93587150731575
9,7,4,-20.15053963356118
9,7,5,19.021713994494448
9,7,6,19.020425543786107
9,7,7,18.189791876221797
9,7,8,19.89057088898911
9,7,9,20.135627838982025
9,8,0,18.706765006820355
9,8,1,-19.918388462299447
9,8,2,20.14530983019054
9,8,3,20.260318333546053
9,8,4,-20.194065953161868
9,8,5,-19.750320461816873
9,8,6,21.030306372292973
9,8,7,-20.566577286188334
9,8,8,-21.240708183636347
9,8,9,19.455600053579843
9,9,0,-19.36319435780129
9,9,1,19.72430693166265
9,9,2,-20.65565505146777
9,9,3,20.260318333546053
9,9,4,-19.946501075867754
9,9,5,20.516969420984427
9,9,6,18.774934990886745
9,9,7,-21.832432331362014
9,9,8,-20.47835001315877
9,9,9,20.089243272254247
