time(s),avg_energy(J/m^3),avg_photon(m^-3),avg_axion(m^-3),avg_neutrino(m^-3),avg_qgp_fraction
0,0,10000000000,0.009999999999000427,0.8599999999998922,0.0000000020611536366565986
0.1,0,10000000000,0.00999999999800105,0.8599999999998922,0.0000000020611536366565986
0.2,0,10000000000,0.009999999997001009,0.8599999999998922,0.0000000020611536366565986
0.30000000000000004,0,10000000000,0.009999999995998791,0.8599999999998922,0.0000000020611536366565986
0.4,0,10000000000,0.009999999995001545,0.8599999999998922,0.0000000020611536366565986
0.5,0,10000000000,0.009999999993999338,0.8599999999998922,0.0000000020611536366565986
0.6000000000000001,0,10000000000,0.009999999992999253,0.8599999999998922,0.0000000020611536366565986
0.7000000000000001,0,10000000000,0.009999999992000052,0.8599999999998922,0.0000000020611536366565986
0.8,0,10000000000,0.009999999990999969,0.8599999999998922,0.0000000020611536366565986
0.9,0,10000000000,0.009999999990000591,0.8599999999998922,0.0000000020611536366565986
1,0,10000000000,0.009999999989000514,0.8599999999998922,0.0000000020611536366565986
1.1,0,10000000000,0.009999999987998297,0.8599999999998922,0.0000000020611536366565986
1.2000000000000002,0,10000000000,0.009999999987001094,0.8599999999998922,0.0000000020611536366565986
1.3,0,10000000000,0.00999999998599888,0.8599999999998922,0.0000000020611536366565986
1.4000000000000001,0,10000000000,0.009999999984998793,0.8599999999998922,0.0000000020611536366565986
1.5,0,10000000000,0.009999999983999424,0.8599999999998922,0.0000000020611536366565986
1.6,0,10000000000,0.00999999998299934,0.8599999999998922,0.0000000020611536366565986
1.7000000000000002,0,10000000000,0.009999999981999965,0.8599999999998922,0.0000000020611536366565986
1.8,0,10000000000,0.009999999981000589,0.8599999999998922,0.0000000020611536366565986
1.9000000000000001,0,10000000000,0.009999999980000502,0.8599999999998922,0.0000000020611536366565986
2,0,10000000000,0.009999999979001134,0.8599999999998922,0.0000000020611536366565986
2.1,0,10000000000,0.009999999978001049,0.8599999999998922,0.0000000020611536366565986
2.2,0,10000000000,0.009999999976998875,0.8599999999998922,0.0000000020611536366565986
2.3000000000000003,0,10000000000,0.009999999976001633,0.8599999999998922,0.0000000020611536366565986
2.4000000000000004,0,10000000000,0.009999999974999414,0.8599999999998922,0.0000000020611536366565986
2.5,0,10000000000,0.009999999973999337,0.8599999999998922,0.0000000020611536366565986
2.6,0,10000000000,0.00999999997299996,0.8599999999998922,0.0000000020611536366565986
2.7,0,10000000000,0.00999999997200005,0.8599999999998922,0.0000000020611536366565986
2.8000000000000003,0,10000000000,0.009999999971000676,0.8599999999998922,0.0000000020611536366565986
2.9000000000000004,0,10000000000,0.00999999997000059,0.8599999999998922,0.0000000020611536366565986
3,0,10000000000,0.00999999996899838,0.8599999999998922,0.0000000020611536366565986
3.1,0,10000000000,0.009999999968001138,0.8599999999998922,0.0000000020611536366565986
3.2,0,10000000000,0.009999999966998964,0.8599999999998922,0.0000000020611536366565986
3.3000000000000003,0,10000000000,0.009999999965998879,0.8599999999998922,0.0000000020611536366565986
3.4000000000000004,0,10000000000,0.0099999999649995,0.8599999999998922,0.0000000020611536366565986
3.5,0,10000000000,0.009999999963999424,0.8599999999998922,0.0000000020611536366565986
3.6,0,10000000000,0.009999999963000048,0.8599999999998922,0.0000000020611536366565986
3.7,0,10000000000,0.009999999962000673,0.8599999999998922,0.0000000020611536366565986
3.8000000000000003,0,10000000000,0.009999999961000585,0.8599999999998922,0.0000000020611536366565986
3.9000000000000004,0,10000000000,0.00999999996000121,0.8599999999998922,0.0000000020611536366565986
4,0,10000000000,0.009999999959001133,0.8599999999998922,0.0000000020611536366565986
4.1000000000000005,0,10000000000,0.009999999957998917,0.8599999999998922,0.0000000020611536366565986
4.2,0,10000000000,0.009999999957001715,0.8599999999998922,0.0000000020611536366565986
4.3,0,10000000000,0.009999999955999496,0.8599999999998922,0.0000000020611536366565986
4.4,0,10000000000,0.009999999954999412,0.8599999999998922,0.0000000020611536366565986
4.5,0,10000000000,0.009999999954000045,0.8599999999998922,0.0000000020611536366565986
4.6000000000000005,0,10000000000,0.009999999952999961,0.8599999999998922,0.0000000020611536366565986
4.7,0,10000000000,0.00999999995200076,0.8599999999998922,0.0000000020611536366565986
4.800000000000001,0,10000000000,0.009999999951000673,0.8599999999998922,0.0000000020611536366565986
4.9,0,10000000000,0.009999999949998456,0.8599999999998922,0.0000000020611536366565986
5,0,10000000000,0.009999999949001222,0.8599999999998922,0.0000000020611536366565986
5.1000000000000005,0,10000000000,0.009999999947999005,0.8599999999998922,0.0000000020611536366565986
5.2,0,10000000000,0.009999999946998963,0.8599999999998922,0.0000000020611536366565986
5.300000000000001,0,10000000000,0.009999999945999583,0.8599999999998922,0.0000000020611536366565986
5.4,0,10000000000,0.0099999999449995,0.8599999999998922,0.0000000020611536366565986
5.5,0,10000000000,0.009999999944000132,0.8599999999998922,0.0000000020611536366565986
5.6000000000000005,0,10000000000,0.009999999943000047,0.8599999999998922,0.0000000020611536366565986
5.7,0,10000000000,0.009999999942000671,0.8599999999998922,0.0000000020611536366565986
5.800000000000001,0,10000000000,0.009999999941001292,0.8599999999998922,0.0000000020611536366565986
5.9,0,10000000000,0.009999999940001208,0.8599999999998922,0.0000000020611536366565986
6,0,10000000000,0.009999999938999,0.8599999999998922,0.0000000020611536366565986
6.1000000000000005,0,10000000000,0.009999999938001757,0.8599999999998922,0.0000000020611536366565986
6.2,0,10000000000,0.009999999936999583,0.8599999999998922,0.0000000020611536366565986
6.300000000000001,0,10000000000,0.009999999935999496,0.8599999999998922,0.0000000020611536366565986
6.4,0,10000000000,0.00999999993500012,0.8599999999998922,0.0000000020611536366565986
6.5,0,10000000000,0.009999999934000045,0.8599999999998922,0.0000000020611536366565986
6.6000000000000005,0,10000000000,0.009999999933000667,0.8599999999998922,0.0000000020611536366565986
6.7,0,10000000000,0.009999999932000759,0.8599999999998922,0.0000000020611536366565986
6.800000000000001,0,10000000000,0.00999999993099854,0.8599999999998922,0.0000000020611536366565986
6.9,0,10000000000,0.009999999930001295,0.8599999999998922,0.0000000020611536366565986
7,0,10000000000,0.009999999928999088,0.8599999999998922,0.0000000020611536366565986
7.1000000000000005,0,10000000000,0.009999999927999003,0.8599999999998922,0.0000000020611536366565986
7.2,0,10000000000,0.009999999926999669,0.8599999999998922,0.0000000020611536366565986
7.300000000000001,0,10000000000,0.009999999925999582,0.8599999999998922,0.0000000020611536366565986
7.4,0,10000000000,0.009999999925000207,0.8599999999998922,0.0000000020611536366565986
7.5,0,10000000000,0.00999999992400013,0.8599999999998922,0.0000000020611536366565986
7.6000000000000005,0,10000000000,0.009999999922997915,0.8599999999998922,0.0000000020611536366565986
7.7,0,10000000000,0.009999999922001379,0.8599999999998922,0.0000000020611536366565986
7.800000000000001,0,10000000000,0.009999999921001292,0.8599999999998922,0.0000000020611536366565986
7.9,0,10000000000,0.009999999919999074,0.8599999999998922,0.0000000020611536366565986
8,0,10000000000,0.009999999919001839,0.8599999999998922,0.0000000020611536366565986
8.1,0,10000000000,0.009999999917999623,0.8599999999998922,0.0000000020611536366565986
8.200000000000001,0,10000000000,0.009999999916999581,0.8599999999998922,0.0000000020611536366565986
8.3,0,10000000000,0.009999999916000204,0.8599999999998922,0.0000000020611536366565986
8.4,0,10000000000,0.00999999991500012,0.8599999999998922,0.0000000020611536366565986
8.5,0,10000000000,0.00999999991400075,0.8599999999998922,0.0000000020611536366565986
8.6,0,10000000000,0.009999999913000665,0.8599999999998922,0.0000000020611536366565986
8.700000000000001,0,10000000000,0.009999999911998625,0.8599999999998922,0.0000000020611536366565986
8.8,0,10000000000,0.009999999911001378,0.8599999999998922,0.0000000020611536366565986
8.9,0,10000000000,0.009999999909999164,0.8599999999998922,0.0000000020611536366565986
9,0,10000000000,0.009999999908999087,0.8599999999998922,0.0000000020611536366565986
9.1,0,10000000000,0.009999999907999711,0.8599999999998922,0.0000000020611536366565986
9.200000000000001,0,10000000000,0.009999999906999669,0.8599999999998922,0.0000000020611536366565986
9.3,0,10000000000,0.009999999906000291,0.8599999999998922,0.0000000020611536366565986
9.4,0,10000000000,0.009999999905000206,0.8599999999998922,0.0000000020611536366565986
9.5,0,10000000000,0.009999999903997997,0.8599999999998922,0.0000000020611536366565986
9.600000000000001,0,10000000000,0.009999999903000755,0.8599999999998922,0.0000000020611536366565986
9.700000000000001,0,10000000000,0.009999999902001377,0.8599999999998922,0.0000000020611536366565986
9.8,0,10000000000,0.009999999900999158,0.8599999999998922,0.0000000020611536366565986
9.9,0,10000000000,0.009999999900001916,0.8599999999998922,0.0000000020611536366565986
10,0,10000000000,0.009999999898999707,0.8599999999998922,0.0000000020611536366565986
10.100000000000001,0,10000000000,0.009999999897999622,0.8599999999998922,0.0000000020611536366565986
10.200000000000001,0,10000000000,0.009999999897000244,0.8599999999998922,0.0000000020611536366565986
10.3,0,10000000000,0.009999999896000202,0.8599999999998922,0.0000000020611536366565986
10.4,0,10000000000,0.009999999895000826,0.8599999999998922,0.0000000020611536366565986
10.5,0,10000000000,0.00999999989400075,0.8599999999998922,0.0000000020611536366565986
10.600000000000001,0,10000000000,0.009999999892998535,0.8599999999998922,0.0000000020611536366565986
10.700000000000001,0,10000000000,0.009999999892001288,0.8599999999998922,0.0000000020611536366565986
10.8,0,10000000000,0.009999999890999247,0.8599999999998922,0.0000000020611536366565986
10.9,0,10000000000,0.009999999889999162,0.8599999999998922,0.0000000020611536366565986
11,0,10000000000,0.009999999888999793,0.8599999999998922,0.0000000020611536366565986
11.100000000000001,0,10000000000,0.00999999988799971,0.8599999999998922,0.0000000020611536366565986
11.200000000000001,0,10000000000,0.009999999887000332,0.8599999999998922,0.0000000020611536366565986
11.3,0,10000000000,0.00999999988600029,0.8599999999998922,0.0000000020611536366565986
11.4,0,10000000000,0.009999999884998074,0.8599999999998922,0.0000000020611536366565986
11.5,0,10000000000,0.009999999884000839,0.8599999999998922,0.0000000020611536366565986
11.600000000000001,0,10000000000,0.009999999882998621,0.8599999999998922,0.0000000020611536366565986
11.700000000000001,0,10000000000,0.009999999881998534,0.8599999999998922,0.0000000020611536366565986
11.8,0,10000000000,0.009999999881001998,0.8599999999998922,0.0000000020611536366565986
11.9,0,10000000000,0.009999999879999782,0.8599999999998922,0.0000000020611536366565986
12,0,10000000000,0.009999999878999705,0.8599999999998922,0.0000000020611536366565986
12.100000000000001,0,10000000000,0.009999999878000331,0.8599999999998922,0.0000000020611536366565986
12.200000000000001,0,10000000000,0.009999999877000244,0.8599999999998922,0.0000000020611536366565986
12.3,0,10000000000,0.00999999987600091,0.8599999999998922,0.0000000020611536366565986
12.4,0,10000000000,0.009999999875000824,0.8599999999998922,0.0000000020611536366565986
12.5,0,10000000000,0.009999999873998617,0.8599999999998922,0.0000000020611536366565986
12.600000000000001,0,10000000000,0.009999999873001373,0.8599999999998922,0.0000000020611536366565986
12.700000000000001,0,10000000000,0.009999999871999154,0.8599999999998922,0.0000000020611536366565986
12.8,0,10000000000,0.009999999870999246,0.8599999999998922,0.0000000020611536366565986
12.9,0,10000000000,0.00999999986999987,0.8599999999998922,0.0000000020611536366565986
13,0,10000000000,0.009999999868999793,0.8599999999998922,0.0000000020611536366565986
13.100000000000001,0,10000000000,0.009999999868000417,0.8599999999998922,0.0000000020611536366565986
13.200000000000001,0,10000000000,0.00999999986700033,0.8599999999998922,0.0000000020611536366565986
13.3,0,10000000000,0.009999999865998156,0.8599999999998922,0.0000000020611536366565986
13.4,0,10000000000,0.009999999865000912,0.8599999999998922,0.0000000020611536366565986
13.5,0,10000000000,0.009999999863998705,0.8599999999998922,0.0000000020611536366565986
13.600000000000001,0,10000000000,0.009999999862998621,0.8599999999998922,0.0000000020611536366565986
13.700000000000001,0,10000000000,0.009999999861999242,0.8599999999998922,0.0000000020611536366565986
13.8,0,10000000000,0.009999999860999866,0.8599999999998922,0.0000000020611536366565986
13.9,0,10000000000,0.00999999985999978,0.8599999999998922,0.0000000020611536366565986
14,0,10000000000,0.009999999859000413,0.8599999999998922,0.0000000020611536366565986
14.100000000000001,0,10000000000,0.00999999985800033,0.8599999999998922,0.0000000020611536366565986
14.200000000000001,0,10000000000,0.00999999985700095,0.8599999999998922,0.0000000020611536366565986
14.3,0,10000000000,0.009999999856000908,0.8599999999998922,0.0000000020611536366565986
14.4,0,10000000000,0.00999999985499869,0.8599999999998922,0.0000000020611536366565986
14.5,0,10000000000,0.009999999854001457,0.8599999999998922,0.0000000020611536366565986
14.600000000000001,0,10000000000,0.00999999985299924,0.8599999999998922,0.0000000020611536366565986
14.700000000000001,0,10000000000,0.009999999851999153,0.8599999999998922,0.0000000020611536366565986
14.8,0,10000000000,0.009999999850999952,0.8599999999998922,0.0000000020611536366565986
14.9,0,10000000000,0.009999999849999868,0.8599999999998922,0.0000000020611536366565986
15,0,10000000000,0.0099999998490005,0.8599999999998922,0.0000000020611536366565986
15.100000000000001,0,10000000000,0.009999999848000417,0.8599999999998922,0.0000000020611536366565986
15.200000000000001,0,10000000000,0.009999999846998198,0.8599999999998922,0.0000000020611536366565986
15.3,0,10000000000,0.009999999846000996,0.8599999999998922,0.0000000020611536366565986
15.4,0,10000000000,0.00999999984499878,0.8599999999998922,0.0000000020611536366565986
15.5,0,10000000000,0.009999999843998703,0.8599999999998922,0.0000000020611536366565986
15.600000000000001,0,10000000000,0.009999999842999327,0.8599999999998922,0.0000000020611536366565986
15.700000000000001,0,10000000000,0.00999999984199924,0.8599999999998922,0.0000000020611536366565986
15.8,0,10000000000,0.009999999840999864,0.8599999999998922,0.0000000020611536366565986
15.9,0,10000000000,0.009999999840000488,0.8599999999998922,0.0000000020611536366565986
16,0,10000000000,0.009999999839000413,0.8599999999998922,0.0000000020611536366565986
16.1,0,10000000000,0.009999999838001036,0.8599999999998922,0.0000000020611536366565986
16.2,0,10000000000,0.009999999837000948,0.8599999999998922,0.0000000020611536366565986
16.3,0,10000000000,0.009999999835998774,0.8599999999998922,0.0000000020611536366565986
16.400000000000002,0,10000000000,0.009999999835001532,0.8599999999998922,0.0000000020611536366565986
16.5,0,10000000000,0.009999999833999323,0.8599999999998922,0.0000000020611536366565986
16.6,0,10000000000,0.00999999983299924,0.8599999999998922,0.0000000020611536366565986
16.7,0,10000000000,0.009999999831999862,0.8599999999998922,0.0000000020611536366565986
16.8,0,10000000000,0.009999999830999952,0.8599999999998922,0.0000000020611536366565986
16.900000000000002,0,10000000000,0.009999999830000576,0.8599999999998922,0.0000000020611536366565986
17,0,10000000000,0.0099999998290005,0.8599999999998922,0.0000000020611536366565986
17.1,0,10000000000,0.00999999982799828,0.8599999999998922,0.0000000020611536366565986
17.2,0,10000000000,0.009999999827001038,0.8599999999998922,0.0000000020611536366565986
17.3,0,10000000000,0.009999999825998864,0.8599999999998922,0.0000000020611536366565986
17.400000000000002,0,10000000000,0.009999999824998778,0.8599999999998922,0.0000000020611536366565986
17.5,0,10000000000,0.009999999823999411,0.8599999999998922,0.0000000020611536366565986
17.6,0,10000000000,0.009999999822999324,0.8599999999998922,0.0000000020611536366565986
17.7,0,10000000000,0.009999999821999948,0.8599999999998922,0.0000000020611536366565986
17.8,0,10000000000,0.009999999821000572,0.8599999999998922,0.0000000020611536366565986
17.900000000000002,0,10000000000,0.009999999820000488,0.8599999999998922,0.0000000020611536366565986
18,0,10000000000,0.00999999981900112,0.8599999999998922,0.0000000020611536366565986
18.1,0,10000000000,0.009999999818001032,0.8599999999998922,0.0000000020611536366565986
18.2,0,10000000000,0.009999999816998818,0.8599999999998922,0.0000000020611536366565986
18.3,0,10000000000,0.009999999816001616,0.8599999999998922,0.0000000020611536366565986
18.400000000000002,0,10000000000,0.009999999814999399,0.8599999999998922,0.0000000020611536366565986
18.5,0,10000000000,0.009999999813999322,0.8599999999998922,0.0000000020611536366565986
18.6,0,10000000000,0.009999999812999944,0.8599999999998922,0.0000000020611536366565986
18.7,0,10000000000,0.00999999981199986,0.8599999999998922,0.0000000020611536366565986
18.8,0,10000000000,0.00999999981100066,0.8599999999998922,0.0000000020611536366565986
18.900000000000002,0,10000000000,0.009999999810000574,0.8599999999998922,0.0000000020611536366565986
19,0,10000000000,0.009999999808998367,0.8599999999998922,0.0000000020611536366565986
19.1,0,10000000000,0.009999999808001122,0.8599999999998922,0.0000000020611536366565986
19.200000000000003,0,10000000000,0.009999999806998904,0.8599999999998922,0.0000000020611536366565986
19.3,0,10000000000,0.009999999805998862,0.8599999999998922,0.0000000020611536366565986
19.400000000000002,0,10000000000,0.009999999804999486,0.8599999999998922,0.0000000020611536366565986
19.5,0,10000000000,0.00999999980399941,0.8599999999998922,0.0000000020611536366565986
19.6,0,10000000000,0.009999999803000032,0.8599999999998922,0.0000000020611536366565986
19.700000000000003,0,10000000000,0.009999999801999948,0.8599999999998922,0.0000000020611536366565986
19.8,0,10000000000,0.00999999980100057,0.8599999999998922,0.0000000020611536366565986
19.900000000000002,0,10000000000,0.009999999800001194,0.8599999999998922,0.0000000020611536366565986
20,0,10000000000,0.009999999799001118,0.8599999999998922,0.0000000020611536366565986
20.1,0,10000000000,0.0099999997979989,0.8599999999998922,0.0000000020611536366565986
20.200000000000003,0,10000000000,0.009999999797001656,0.8599999999998922,0.0000000020611536366565986
20.3,0,10000000000,0.009999999795999482,0.8599999999998922,0.0000000020611536366565986
20.400000000000002,0,10000000000,0.009999999794999397,0.8599999999998922,0.0000000020611536366565986
20.5,0,10000000000,0.009999999794000031,0.8599999999998922,0.0000000020611536366565986
20.6,0,10000000000,0.009999999792999944,0.8599999999998922,0.0000000020611536366565986
20.700000000000003,0,10000000000,0.009999999792000567,0.8599999999998922,0.0000000020611536366565986
20.8,0,10000000000,0.009999999791000658,0.8599999999998922,0.0000000020611536366565986
20.900000000000002,0,10000000000,0.009999999789998442,0.8599999999998922,0.0000000020611536366565986
21,0,10000000000,0.009999999789001207,0.8599999999998922,0.0000000020611536366565986
21.1,0,10000000000,0.009999999787998988,0.8599999999998922,0.0000000020611536366565986
21.200000000000003,0,10000000000,0.009999999786998904,0.8599999999998922,0.0000000020611536366565986
21.3,0,10000000000,0.009999999785999568,0.8599999999998922,0.0000000020611536366565986
21.400000000000002,0,10000000000,0.009999999784999485,0.8599999999998922,0.0000000020611536366565986
21.5,0,10000000000,0.009999999784000117,0.8599999999998922,0.0000000020611536366565986
21.6,0,10000000000,0.009999999783000032,0.8599999999998922,0.0000000020611536366565986
21.700000000000003,0,10000000000,0.009999999781997814,0.8599999999998922,0.0000000020611536366565986
21.8,0,10000000000,0.009999999781001278,0.8599999999998922,0.0000000020611536366565986
21.900000000000002,0,10000000000,0.009999999780001193,0.8599999999998922,0.0000000020611536366565986
22,0,10000000000,0.009999999778998988,0.8599999999998922,0.0000000020611536366565986
22.1,0,10000000000,0.00999999977800174,0.8599999999998922,0.0000000020611536366565986
22.200000000000003,0,10000000000,0.009999999776999523,0.8599999999998922,0.0000000020611536366565986
22.3,0,10000000000,0.00999999977599948,0.8599999999998922,0.0000000020611536366565986
22.400000000000002,0,10000000000,0.009999999775000106,0.8599999999998922,0.0000000020611536366565986
22.5,0,10000000000,0.00999999977400003,0.8599999999998922,0.0000000020611536366565986
22.6,0,10000000000,0.00999999977300065,0.8599999999998922,0.0000000020611536366565986
22.700000000000003,0,10000000000,0.009999999772000567,0.8599999999998922,0.0000000020611536366565986
22.8,0,10000000000,0.009999999770998524,0.8599999999998922,0.0000000020611536366565986
22.900000000000002,0,10000000000,0.00999999977000128,0.8599999999998922,0.0000000020611536366565986
23,0,10000000000,0.009999999768999063,0.8599999999998922,0.0000000020611536366565986
23.1,0,10000000000,0.009999999767998988,0.8599999999998922,0.0000000020611536366565986
23.200000000000003,0,10000000000,0.00999999976699961,0.8599999999998922,0.0000000020611536366565986
23.3,0,10000000000,0.009999999765999568,0.8599999999998922,0.0000000020611536366565986
23.400000000000002,0,10000000000,0.009999999765000192,0.8599999999998922,0.0000000020611536366565986
23.5,0,10000000000,0.009999999764000107,0.8599999999998922,0.0000000020611536366565986
23.6,0,10000000000,0.009999999762997898,0.8599999999998922,0.0000000020611536366565986
23.700000000000003,0,10000000000,0.009999999762000654,0.8599999999998922,0.0000000020611536366565986
23.8,0,10000000000,0.009999999761001277,0.8599999999998922,0.0000000020611536366565986
23.900000000000002,0,10000000000,0.009999999759999061,0.8599999999998922,0.0000000020611536366565986
24,0,10000000000,0.009999999759001815,0.8599999999998922,0.0000000020611536366565986
24.1,0,10000000000,0.009999999757999607,0.8599999999998922,0.0000000020611536366565986
24.200000000000003,0,10000000000,0.009999999756999523,0.8599999999998922,0.0000000020611536366565986
24.3,0,10000000000,0.009999999756000187,0.8599999999998922,0.0000000020611536366565986
24.400000000000002,0,10000000000,0.009999999755000105,0.8599999999998922,0.0000000020611536366565986
24.5,0,10000000000,0.009999999754000725,0.8599999999998922,0.0000000020611536366565986
24.6,0,10000000000,0.00999999975300065,0.8599999999998922,0.0000000020611536366565986
24.700000000000003,0,10000000000,0.009999999751998435,0.8599999999998922,0.0000000020611536366565986
24.8,0,10000000000,0.009999999751001364,0.8599999999998922,0.0000000020611536366565986
24.900000000000002,0,10000000000,0.009999999749999149,0.8599999999998922,0.0000000020611536366565986
25,0,10000000000,0.009999999748999063,0.8599999999998922,0.0000000020611536366565986
25.1,0,10000000000,0.009999999747999694,0.8599999999998922,0.0000000020611536366565986
25.200000000000003,0,10000000000,0.009999999746999609,0.8599999999998922,0.0000000020611536366565986
25.3,0,10000000000,0.009999999746000276,0.8599999999998922,0.0000000020611536366565986
25.400000000000002,0,10000000000,0.009999999745000192,0.8599999999998922,0.0000000020611536366565986
25.5,0,10000000000,0.009999999743997973,0.8599999999998922,0.0000000020611536366565986
25.6,0,10000000000,0.009999999743000738,0.8599999999998922,0.0000000020611536366565986
25.700000000000003,0,10000000000,0.009999999741998522,0.8599999999998922,0.0000000020611536366565986
25.8,0,10000000000,0.009999999740999145,0.8599999999998922,0.0000000020611536366565986
25.900000000000002,0,10000000000,0.0099999997400019,0.8599999999998922,0.0000000020611536366565986
26,0,10000000000,0.009999999738999682,0.8599999999998922,0.0000000020611536366565986
26.1,0,10000000000,0.009999999737999605,0.8599999999998922,0.0000000020611536366565986
26.200000000000003,0,10000000000,0.00999999973700023,0.8599999999998922,0.0000000020611536366565986
26.3,0,10000000000,0.009999999736000189,0.8599999999998922,0.0000000020611536366565986
26.400000000000002,0,10000000000,0.009999999735000811,0.8599999999998922,0.0000000020611536366565986
26.5,0,10000000000,0.009999999734000726,0.8599999999998922,0.0000000020611536366565986
26.6,0,10000000000,0.009999999732998519,0.8599999999998922,0.0000000020611536366565986
26.700000000000003,0,10000000000,0.009999999732001273,0.8599999999998922,0.0000000020611536366565986
26.8,0,10000000000,0.009999999730999232,0.8599999999998922,0.0000000020611536366565986
26.900000000000002,0,10000000000,0.009999999729999149,0.8599999999998922,0.0000000020611536366565986
27,0,10000000000,0.00999999972899977,0.8599999999998922,0.0000000020611536366565986
27.1,0,10000000000,0.009999999727999693,0.8599999999998922,0.0000000020611536366565986
27.200000000000003,0,10000000000,0.009999999727000317,0.8599999999998922,0.0000000020611536366565986
27.3,0,10000000000,0.009999999726000276,0.8599999999998922,0.0000000020611536366565986
27.400000000000002,0,10000000000,0.009999999724998059,0.8599999999998922,0.0000000020611536366565986
27.5,0,10000000000,0.009999999724000811,0.8599999999998922,0.0000000020611536366565986
27.6,0,10000000000,0.009999999722998606,0.8599999999998922,0.0000000020611536366565986
27.700000000000003,0,10000000000,0.00999999972199852,0.8599999999998922,0.0000000020611536366565986
27.8,0,10000000000,0.009999999721001985,0.8599999999998922,0.0000000020611536366565986
27.900000000000002,0,10000000000,0.009999999719999767,0.8599999999998922,0.0000000020611536366565986
28,0,10000000000,0.009999999718999682,0.8599999999998922,0.0000000020611536366565986
28.1,0,10000000000,0.009999999718000314,0.8599999999998922,0.0000000020611536366565986
28.200000000000003,0,10000000000,0.009999999717000229,0.8599999999998922,0.0000000020611536366565986
28.3,0,10000000000,0.009999999716000895,0.8599999999998922,0.0000000020611536366565986
28.400000000000002,0,10000000000,0.009999999715000811,0.8599999999998922,0.0000000020611536366565986
28.5,0,10000000000,0.009999999713998592,0.8599999999998922,0.0000000020611536366565986
28.6,0,10000000000,0.009999999713001357,0.8599999999998922,0.0000000020611536366565986
28.700000000000003,0,10000000000,0.00999999971199914,0.8599999999998922,0.0000000020611536366565986
28.8,0,10000000000,0.00999999971099923,0.8599999999998922,0.0000000020611536366565986
28.900000000000002,0,10000000000,0.009999999709999855,0.8599999999998922,0.0000000020611536366565986
29,0,10000000000,0.009999999708999768,0.8599999999998922,0.0000000020611536366565986
29.1,0,10000000000,0.009999999708000402,0.8599999999998922,0.0000000020611536366565986
29.200000000000003,0,10000000000,0.009999999707000317,0.8599999999998922,0.0000000020611536366565986
29.3,0,10000000000,0.009999999705998143,0.8599999999998922,0.0000000020611536366565986
29.400000000000002,0,10000000000,0.009999999705000895,0.8599999999998922,0.0000000020611536366565986
29.5,0,10000000000,0.009999999703998681,0.8599999999998922,0.0000000020611536366565986
29.6,0,10000000000,0.009999999702998605,0.8599999999998922,0.0000000020611536366565986
29.700000000000003,0,10000000000,0.009999999701999227,0.8599999999998922,0.0000000020611536366565986
29.8,0,10000000000,0.009999999700999851,0.8599999999998922,0.0000000020611536366565986
29.900000000000002,0,10000000000,0.009999999699999764,0.8599999999998922,0.0000000020611536366565986
30,0,10000000000,0.00999999969900039,0.8599999999998922,0.0000000020611536366565986
30.1,0,10000000000,0.009999999698000313,0.8599999999998922,0.0000000020611536366565986
30.200000000000003,0,10000000000,0.009999999697000937,0.8599999999998922,0.0000000020611536366565986
30.3,0,10000000000,0.009999999696000895,0.8599999999998922,0.0000000020611536366565986
30.400000000000002,0,10000000000,0.009999999694998676,0.8599999999998922,0.0000000020611536366565986
30.5,0,10000000000,0.009999999694001432,0.8599999999998922,0.0000000020611536366565986
30.6,0,10000000000,0.009999999692999225,0.8599999999998922,0.0000000020611536366565986
30.700000000000003,0,10000000000,0.00999999969199914,0.8599999999998922,0.0000000020611536366565986
30.8,0,10000000000,0.009999999690999939,0.8599999999998922,0.0000000020611536366565986
30.900000000000002,0,10000000000,0.009999999689999851,0.8599999999998922,0.0000000020611536366565986
31,0,10000000000,0.009999999689000477,0.8599999999998922,0.0000000020611536366565986
31.1,0,10000000000,0.0099999996880004,0.8599999999998922,0.0000000020611536366565986
31.200000000000003,0,10000000000,0.009999999686998183,0.8599999999998922,0.0000000020611536366565986
31.3,0,10000000000,0.00999999968600098,0.8599999999998922,0.0000000020611536366565986
31.400000000000002,0,10000000000,0.009999999684998763,0.8599999999998922,0.0000000020611536366565986
31.5,0,10000000000,0.00999999968399868,0.8599999999998922,0.0000000020611536366565986
31.6,0,10000000000,0.00999999968299931,0.8599999999998922,0.0000000020611536366565986
31.700000000000003,0,10000000000,0.009999999681999227,0.8599999999998922,0.0000000020611536366565986
31.8,0,10000000000,0.009999999680999851,0.8599999999998922,0.0000000020611536366565986
31.900000000000002,0,10000000000,0.009999999680000473,0.8599999999998922,0.0000000020611536366565986
32,0,10000000000,0.009999999679000388,0.8599999999998922,0.0000000020611536366565986
32.1,0,10000000000,0.00999999967800102,0.8599999999998922,0.0000000020611536366565986
32.2,0,10000000000,0.009999999677000935,0.8599999999998922,0.0000000020611536366565986
32.300000000000004,0,10000000000,0.009999999675998761,0.8599999999998922,0.0000000020611536366565986
32.4,0,10000000000,0.009999999675001515,0.8599999999998922,0.0000000020611536366565986
32.5,0,10000000000,0.0099999996739993,0.8599999999998922,0.0000000020611536366565986
32.6,0,10000000000,0.009999999672999223,0.8599999999998922,0.0000000020611536366565986
32.7,0,10000000000,0.009999999671999847,0.8599999999998922,0.0000000020611536366565986
32.800000000000004,0,10000000000,0.009999999670999937,0.8599999999998922,0.0000000020611536366565986
32.9,0,10000000000,0.00999999967000056,0.8599999999998922,0.0000000020611536366565986
33,0,10000000000,0.009999999669000476,0.8599999999998922,0.0000000020611536366565986
33.1,0,10000000000,0.009999999667998267,0.8599999999998922,0.0000000020611536366565986
33.2,0,10000000000,0.009999999667001025,0.8599999999998922,0.0000000020611536366565986
33.300000000000004,0,10000000000,0.00999999966599885,0.8599999999998922,0.0000000020611536366565986
33.4,0,10000000000,0.009999999664998763,0.8599999999998922,0.0000000020611536366565986
33.5,0,10000000000,0.009999999663999386,0.8599999999998922,0.0000000020611536366565986
33.6,0,10000000000,0.009999999662999309,0.8599999999998922,0.0000000020611536366565986
33.7,0,10000000000,0.009999999661999935,0.8599999999998922,0.0000000020611536366565986
33.800000000000004,0,10000000000,0.009999999661000559,0.8599999999998922,0.0000000020611536366565986
33.9,0,10000000000,0.009999999660000472,0.8599999999998922,0.0000000020611536366565986
34,0,10000000000,0.009999999659001096,0.8599999999998922,0.0000000020611536366565986
34.1,0,10000000000,0.009999999658001019,0.8599999999998922,0.0000000020611536366565986
34.2,0,10000000000,0.009999999656998803,0.8599999999998922,0.0000000020611536366565986
34.300000000000004,0,10000000000,0.009999999656001601,0.8599999999998922,0.0000000020611536366565986
34.4,0,10000000000,0.009999999654999382,0.8599999999998922,0.0000000020611536366565986
34.5,0,10000000000,0.009999999653999298,0.8599999999998922,0.0000000020611536366565986
34.6,0,10000000000,0.009999999652999931,0.8599999999998922,0.0000000020611536366565986
34.7,0,10000000000,0.009999999651999845,0.8599999999998922,0.0000000020611536366565986
34.800000000000004,0,10000000000,0.009999999651000646,0.8599999999998922,0.0000000020611536366565986
34.9,0,10000000000,0.00999999965000056,0.8599999999998922,0.0000000020611536366565986
35,0,10000000000,0.009999999648998342,0.8599999999998922,0.0000000020611536366565986
35.1,0,10000000000,0.009999999648001107,0.8599999999998922,0.0000000020611536366565986
35.2,0,10000000000,0.009999999646998891,0.8599999999998922,0.0000000020611536366565986
35.300000000000004,0,10000000000,0.009999999645998849,0.8599999999998922,0.0000000020611536366565986
35.4,0,10000000000,0.00999999964499947,0.8599999999998922,0.0000000020611536366565986
35.5,0,10000000000,0.009999999643999386,0.8599999999998922,0.0000000020611536366565986
35.6,0,10000000000,0.009999999643000019,0.8599999999998922,0.0000000020611536366565986
35.7,0,10000000000,0.009999999641999933,0.8599999999998922,0.0000000020611536366565986
35.800000000000004,0,10000000000,0.009999999640997714,0.8599999999998922,0.0000000020611536366565986
35.9,0,10000000000,0.009999999640001178,0.8599999999998922,0.0000000020611536366565986
36,0,10000000000,0.009999999639001094,0.8599999999998922,0.0000000020611536366565986
36.1,0,10000000000,0.009999999637998887,0.8599999999998922,0.0000000020611536366565986
36.2,0,10000000000,0.009999999637001641,0.8599999999998922,0.0000000020611536366565986
36.300000000000004,0,10000000000,0.009999999635999424,0.8599999999998922,0.0000000020611536366565986
36.4,0,10000000000,0.009999999634999382,0.8599999999998922,0.0000000020611536366565986
36.5,0,10000000000,0.009999999634000006,0.8599999999998922,0.0000000020611536366565986
36.6,0,10000000000,0.00999999963299993,0.8599999999998922,0.0000000020611536366565986
36.7,0,10000000000,0.009999999632000553,0.8599999999998922,0.0000000020611536366565986
36.800000000000004,0,10000000000,0.009999999631000466,0.8599999999998922,0.0000000020611536366565986
36.9,0,10000000000,0.009999999629998426,0.8599999999998922,0.0000000020611536366565986
37,0,10000000000,0.009999999629001182,0.8599999999998922,0.0000000020611536366565986
37.1,0,10000000000,0.009999999627998975,0.8599999999998922,0.0000000020611536366565986
37.2,0,10000000000,0.00999999962699889,0.8599999999998922,0.0000000020611536366565986
37.300000000000004,0,10000000000,0.00999999962599951,0.8599999999998922,0.0000000020611536366565986
37.4,0,10000000000,0.009999999624999468,0.8599999999998922,0.0000000020611536366565986
37.5,0,10000000000,0.009999999624000094,0.8599999999998922,0.0000000020611536366565986
37.6,0,10000000000,0.009999999623000017,0.8599999999998922,0.0000000020611536366565986
37.7,0,10000000000,0.009999999621997801,0.8599999999998922,0.0000000020611536366565986
37.800000000000004,0,10000000000,0.009999999621000556,0.8599999999998922,0.0000000020611536366565986
37.9,0,10000000000,0.009999999620001178,0.8599999999998922,0.0000000020611536366565986
38,0,10000000000,0.00999999961899896,0.8599999999998922,0.0000000020611536366565986
38.1,0,10000000000,0.009999999618001725,0.8599999999998922,0.0000000020611536366565986
38.2,0,10000000000,0.00999999961699951,0.8599999999998922,0.0000000020611536366565986
38.300000000000004,0,10000000000,0.009999999615999422,0.8599999999998922,0.0000000020611536366565986
38.400000000000006,0,10000000000,0.00999999961500009,0.8599999999998922,0.0000000020611536366565986
38.5,0,10000000000,0.009999999614000006,0.8599999999998922,0.0000000020611536366565986
38.6,0,10000000000,0.009999999613000637,0.8599999999998922,0.0000000020611536366565986
38.7,0,10000000000,0.009999999612000552,0.8599999999998922,0.0000000020611536366565986
38.800000000000004,0,10000000000,0.009999999610998334,0.8599999999998922,0.0000000020611536366565986
38.900000000000006,0,10000000000,0.009999999610001264,0.8599999999998922,0.0000000020611536366565986
39,0,10000000000,0.00999999960899905,0.8599999999998922,0.0000000020611536366565986
39.1,0,10000000000,0.009999999607998973,0.8599999999998922,0.0000000020611536366565986
39.2,0,10000000000,0.009999999606999597,0.8599999999998922,0.0000000020611536366565986
39.300000000000004,0,10000000000,0.009999999605999512,0.8599999999998922,0.0000000020611536366565986
39.400000000000006,0,10000000000,0.009999999605000177,0.8599999999998922,0.0000000020611536366565986
39.5,0,10000000000,0.009999999604000092,0.8599999999998922,0.0000000020611536366565986
39.6,0,10000000000,0.009999999602997883,0.8599999999998922,0.0000000020611536366565986
39.7,0,10000000000,0.009999999602000641,0.8599999999998922,0.0000000020611536366565986
39.800000000000004,0,10000000000,0.009999999600998422,0.8599999999998922,0.0000000020611536366565986
39.900000000000006,0,10000000000,0.009999999599999044,0.8599999999998922,0.0000000020611536366565986
40,0,10000000000,0.0099999995990018,0.8599999999998922,0.0000000020611536366565986
40.1,0,10000000000,0.009999999597999593,0.8599999999998922,0.0000000020611536366565986
40.2,0,10000000000,0.009999999596999508,0.8599999999998922,0.0000000020611536366565986
40.300000000000004,0,10000000000,0.00999999959600013,0.8599999999998922,0.0000000020611536366565986
40.400000000000006,0,10000000000,0.009999999595000088,0.8599999999998922,0.0000000020611536366565986
40.5,0,10000000000,0.009999999594000712,0.8599999999998922,0.0000000020611536366565986
40.6,0,10000000000,0.009999999593000635,0.8599999999998922,0.0000000020611536366565986
40.7,0,10000000000,0.009999999591998422,0.8599999999998922,0.0000000020611536366565986
40.800000000000004,0,10000000000,0.009999999591001174,0.8599999999998922,0.0000000020611536366565986
40.900000000000006,0,10000000000,0.009999999589999134,0.8599999999998922,0.0000000020611536366565986
41,0,10000000000,0.009999999588999048,0.8599999999998922,0.0000000020611536366565986
41.1,0,10000000000,0.00999999958799968,0.8599999999998922,0.0000000020611536366565986
41.2,0,10000000000,0.009999999586999595,0.8599999999998922,0.0000000020611536366565986
41.300000000000004,0,10000000000,0.009999999586000218,0.8599999999998922,0.0000000020611536366565986
41.400000000000006,0,10000000000,0.009999999585000176,0.8599999999998922,0.0000000020611536366565986
41.5,0,10000000000,0.009999999583997958,0.8599999999998922,0.0000000020611536366565986
41.6,0,10000000000,0.009999999583000725,0.8599999999998922,0.0000000020611536366565986
41.7,0,10000000000,0.009999999581998507,0.8599999999998922,0.0000000020611536366565986
41.800000000000004,0,10000000000,0.00999999958099842,0.8599999999998922,0.0000000020611536366565986
41.900000000000006,0,10000000000,0.009999999580001884,0.8599999999998922,0.0000000020611536366565986
42,0,10000000000,0.009999999578999668,0.8599999999998922,0.0000000020611536366565986
42.1,0,10000000000,0.009999999577999592,0.8599999999998922,0.0000000020611536366565986
42.2,0,10000000000,0.009999999577000217,0.8599999999998922,0.0000000020611536366565986
42.300000000000004,0,10000000000,0.00999999957600013,0.8599999999998922,0.0000000020611536366565986
42.400000000000006,0,10000000000,0.009999999575000796,0.8599999999998922,0.0000000020611536366565986
42.5,0,10000000000,0.00999999957400071,0.8599999999998922,0.0000000020611536366565986
42.6,0,10000000000,0.009999999572998504,0.8599999999998922,0.0000000020611536366565986
42.7,0,10000000000,0.009999999572001256,0.8599999999998922,0.0000000020611536366565986
42.800000000000004,0,10000000000,0.00999999957099904,0.8599999999998922,0.0000000020611536366565986
42.900000000000006,0,10000000000,0.009999999569999132,0.8599999999998922,0.0000000020611536366565986
43,0,10000000000,0.009999999568999754,0.8599999999998922,0.0000000020611536366565986
43.1,0,10000000000,0.00999999956799968,0.8599999999998922,0.0000000020611536366565986
43.2,0,10000000000,0.009999999567000302,0.8599999999998922,0.0000000020611536366565986
43.300000000000004,0,10000000000,0.009999999566000216,0.8599999999998922,0.0000000020611536366565986
43.400000000000006,0,10000000000,0.009999999564998042,0.8599999999998922,0.0000000020611536366565986
43.5,0,10000000000,0.009999999564000798,0.8599999999998922,0.0000000020611536366565986
43.6,0,10000000000,0.009999999562998591,0.8599999999998922,0.0000000020611536366565986
43.7,0,10000000000,0.009999999561998504,0.8599999999998922,0.0000000020611536366565986
43.800000000000004,0,10000000000,0.009999999560999128,0.8599999999998922,0.0000000020611536366565986
43.900000000000006,0,10000000000,0.009999999559999752,0.8599999999998922,0.0000000020611536366565986
44,0,10000000000,0.009999999558999667,0.8599999999998922,0.0000000020611536366565986
44.1,0,10000000000,0.0099999995580003,0.8599999999998922,0.0000000020611536366565986
44.2,0,10000000000,0.009999999557000212,0.8599999999998922,0.0000000020611536366565986
44.300000000000004,0,10000000000,0.009999999556000836,0.8599999999998922,0.0000000020611536366565986
44.400000000000006,0,10000000000,0.009999999555000794,0.8599999999998922,0.0000000020611536366565986
44.5,0,10000000000,0.009999999553998577,0.8599999999998922,0.0000000020611536366565986
44.6,0,10000000000,0.009999999553001343,0.8599999999998922,0.0000000020611536366565986
44.7,0,10000000000,0.009999999551999124,0.8599999999998922,0.0000000020611536366565986
44.800000000000004,0,10000000000,0.009999999550999039,0.8599999999998922,0.0000000020611536366565986
44.900000000000006,0,10000000000,0.009999999549999838,0.8599999999998922,0.0000000020611536366565986
45,0,10000000000,0.009999999548999754,0.8599999999998922,0.0000000020611536366565986
45.1,0,10000000000,0.009999999548000387,0.8599999999998922,0.0000000020611536366565986
45.2,0,10000000000,0.0099999995470003,0.8599999999998922,0.0000000020611536366565986
45.300000000000004,0,10000000000,0.009999999545998084,0.8599999999998922,0.0000000020611536366565986
45.400000000000006,0,10000000000,0.00999999954500088,0.8599999999998922,0.0000000020611536366565986
45.5,0,10000000000,0.009999999543998666,0.8599999999998922,0.0000000020611536366565986
45.6,0,10000000000,0.00999999954299859,0.8599999999998922,0.0000000020611536366565986
45.7,0,10000000000,0.00999999954199921,0.8599999999998922,0.0000000020611536366565986
45.800000000000004,0,10000000000,0.009999999540999126,0.8599999999998922,0.0000000020611536366565986
45.900000000000006,0,10000000000,0.00999999953999975,0.8599999999998922,0.0000000020611536366565986
46,0,10000000000,0.009999999539000375,0.8599999999998922,0.0000000020611536366565986
46.1,0,10000000000,0.0099999995380003,0.8599999999998922,0.0000000020611536366565986
46.2,0,10000000000,0.00999999953700092,0.8599999999998922,0.0000000020611536366565986
46.300000000000004,0,10000000000,0.009999999536000835,0.8599999999998922,0.0000000020611536366565986
46.400000000000006,0,10000000000,0.00999999953499866,0.8599999999998922,0.0000000020611536366565986
46.5,0,10000000000,0.009999999534001418,0.8599999999998922,0.0000000020611536366565986
46.6,0,10000000000,0.00999999953299921,0.8599999999998922,0.0000000020611536366565986
46.7,0,10000000000,0.009999999531999123,0.8599999999998922,0.0000000020611536366565986
46.800000000000004,0,10000000000,0.009999999530999748,0.8599999999998922,0.0000000020611536366565986
46.900000000000006,0,10000000000,0.009999999529999836,0.8599999999998922,0.0000000020611536366565986
47,0,10000000000,0.009999999529000462,0.8599999999998922,0.0000000020611536366565986
47.1,0,10000000000,0.009999999528000385,0.8599999999998922,0.0000000020611536366565986
47.2,0,10000000000,0.009999999526998166,0.8599999999998922,0.0000000020611536366565986
47.300000000000004,0,10000000000,0.009999999526000924,0.8599999999998922,0.0000000020611536366565986
47.400000000000006,0,10000000000,0.00999999952499875,0.8599999999998922,0.0000000020611536366565986
47.5,0,10000000000,0.009999999523998665,0.8599999999998922,0.0000000020611536366565986
47.6,0,10000000000,0.009999999522999297,0.8599999999998922,0.0000000020611536366565986
47.7,0,10000000000,0.00999999952199921,0.8599999999998922,0.0000000020611536366565986
47.800000000000004,0,10000000000,0.009999999520999834,0.8599999999998922,0.0000000020611536366565986
47.900000000000006,0,10000000000,0.009999999520000458,0.8599999999998922,0.0000000020611536366565986
48,0,10000000000,0.009999999519000375,0.8599999999998922,0.0000000020611536366565986
48.1,0,10000000000,0.009999999518001006,0.8599999999998922,0.0000000020611536366565986
48.2,0,10000000000,0.009999999517000919,0.8599999999998922,0.0000000020611536366565986
48.300000000000004,0,10000000000,0.009999999515998705,0.8599999999998922,0.0000000020611536366565986
48.400000000000006,0,10000000000,0.0099999995150015,0.8599999999998922,0.0000000020611536366565986
48.5,0,10000000000,0.009999999513999285,0.8599999999998922,0.0000000020611536366565986
48.6,0,10000000000,0.009999999512999208,0.8599999999998922,0.0000000020611536366565986
48.7,0,10000000000,0.00999999951199983,0.8599999999998922,0.0000000020611536366565986
48.800000000000004,0,10000000000,0.009999999510999747,0.8599999999998922,0.0000000020611536366565986
48.900000000000006,0,10000000000,0.009999999510000546,0.8599999999998922,0.0000000020611536366565986
49,0,10000000000,0.00999999950900046,0.8599999999998922,0.0000000020611536366565986
49.1,0,10000000000,0.009999999507998241,0.8599999999998922,0.0000000020611536366565986
49.2,0,10000000000,0.009999999507001008,0.8599999999998922,0.0000000020611536366565986
49.300000000000004,0,10000000000,0.00999999950599879,0.8599999999998922,0.0000000020611536366565986
49.400000000000006,0,10000000000,0.009999999504998748,0.8599999999998922,0.0000000020611536366565986
49.5,0,10000000000,0.009999999503999372,0.8599999999998922,0.0000000020611536366565986
49.6,0,10000000000,0.009999999502999285,0.8599999999998922,0.0000000020611536366565986
49.7,0,10000000000,0.009999999501999918,0.8599999999998922,0.0000000020611536366565986
49.800000000000004,0,10000000000,0.009999999500999834,0.8599999999998922,0.0000000020611536366565986
49.900000000000006,0,10000000000,0.009999999500000457,0.8599999999998922,0.0000000020611536366565986
50,0,10000000000,0.00999999949900108,0.8599999999998922,0.0000000020611536366565986
50.1,0,10000000000,0.009999999498000994,0.8599999999998922,0.0000000020611536366565986
50.2,0,10000000000,0.009999999496998787,0.8599999999998922,0.0000000020611536366565986
50.300000000000004,0,10000000000,0.009999999496001543,0.8599999999998922,0.0000000020611536366565986
50.400000000000006,0,10000000000,0.009999999494999369,0.8599999999998922,0.0000000020611536366565986
50.5,0,10000000000,0.009999999493999283,0.8599999999998922,0.0000000020611536366565986
50.6,0,10000000000,0.009999999492999906,0.8599999999998922,0.0000000020611536366565986
50.7,0,10000000000,0.00999999949199983,0.8599999999998922,0.0000000020611536366565986
50.800000000000004,0,10000000000,0.009999999491000453,0.8599999999998922,0.0000000020611536366565986
50.900000000000006,0,10000000000,0.009999999490000544,0.8599999999998922,0.0000000020611536366565986
51,0,10000000000,0.009999999488998329,0.8599999999998922,0.0000000020611536366565986
51.1,0,10000000000,0.009999999488001081,0.8599999999998922,0.0000000020611536366565986
51.2,0,10000000000,0.009999999486998874,0.8599999999998922,0.0000000020611536366565986
51.300000000000004,0,10000000000,0.00999999948599879,0.8599999999998922,0.0000000020611536366565986
51.400000000000006,0,10000000000,0.009999999484999455,0.8599999999998922,0.0000000020611536366565986
51.5,0,10000000000,0.00999999948399937,0.8599999999998922,0.0000000020611536366565986
51.6,0,10000000000,0.009999999482999993,0.8599999999998922,0.0000000020611536366565986
51.7,0,10000000000,0.009999999481999916,0.8599999999998922,0.0000000020611536366565986
51.800000000000004,0,10000000000,0.0099999994809977,0.8599999999998922,0.0000000020611536366565986
51.900000000000006,0,10000000000,0.009999999480001165,0.8599999999998922,0.0000000020611536366565986
52,0,10000000000,0.009999999479001079,0.8599999999998922,0.0000000020611536366565986
52.1,0,10000000000,0.00999999947799886,0.8599999999998922,0.0000000020611536366565986
52.2,0,10000000000,0.009999999477001626,0.8599999999998922,0.0000000020611536366565986
52.300000000000004,0,10000000000,0.009999999475999409,0.8599999999998922,0.0000000020611536366565986
52.400000000000006,0,10000000000,0.009999999474999367,0.8599999999998922,0.0000000020611536366565986
52.5,0,10000000000,0.009999999473999993,0.8599999999998922,0.0000000020611536366565986
52.6,0,10000000000,0.009999999472999906,0.8599999999998922,0.0000000020611536366565986
52.7,0,10000000000,0.009999999472000537,0.8599999999998922,0.0000000020611536366565986
52.800000000000004,0,10000000000,0.009999999471000451,0.8599999999998922,0.0000000020611536366565986
52.900000000000006,0,10000000000,0.00999999946999841,0.8599999999998922,0.0000000020611536366565986
53,0,10000000000,0.009999999469001167,0.8599999999998922,0.0000000020611536366565986
53.1,0,10000000000,0.00999999946799895,0.8599999999998922,0.0000000020611536366565986
53.2,0,10000000000,0.009999999466998873,0.8599999999998922,0.0000000020611536366565986
53.300000000000004,0,10000000000,0.009999999465999497,0.8599999999998922,0.0000000020611536366565986
53.400000000000006,0,10000000000,0.009999999464999455,0.8599999999998922,0.0000000020611536366565986
53.5,0,10000000000,0.009999999464000079,0.8599999999998922,0.0000000020611536366565986
53.6,0,10000000000,0.009999999462999992,0.8599999999998922,0.0000000020611536366565986
53.7,0,10000000000,0.009999999461997785,0.8599999999998922,0.0000000020611536366565986
53.800000000000004,0,10000000000,0.00999999946100054,0.8599999999998922,0.0000000020611536366565986
53.900000000000006,0,10000000000,0.009999999460001163,0.8599999999998922,0.0000000020611536366565986
54,0,10000000000,0.009999999458998947,0.8599999999998922,0.0000000020611536366565986
54.1,0,10000000000,0.009999999458001702,0.8599999999998922,0.0000000020611536366565986
54.2,0,10000000000,0.009999999456999493,0.8599999999998922,0.0000000020611536366565986
54.300000000000004,0,10000000000,0.009999999455999407,0.8599999999998922,0.0000000020611536366565986
54.400000000000006,0,10000000000,0.009999999455000073,0.8599999999998922,0.0000000020611536366565986
54.5,0,10000000000,0.009999999453999991,0.8599999999998922,0.0000000020611536366565986
54.6,0,10000000000,0.009999999453000612,0.8599999999998922,0.0000000020611536366565986
54.7,0,10000000000,0.009999999452000535,0.8599999999998922,0.0000000020611536366565986
54.800000000000004,0,10000000000,0.009999999450998321,0.8599999999998922,0.0000000020611536366565986
54.900000000000006,0,10000000000,0.00999999945000125,0.8599999999998922,0.0000000020611536366565986
55,0,10000000000,0.009999999448999033,0.8599999999998922,0.0000000020611536366565986
55.1,0,10000000000,0.00999999944799895,0.8599999999998922,0.0000000020611536366565986
55.2,0,10000000000,0.00999999944699958,0.8599999999998922,0.0000000020611536366565986
55.300000000000004,0,10000000000,0.009999999445999495,0.8599999999998922,0.0000000020611536366565986
55.400000000000006,0,10000000000,0.009999999445000162,0.8599999999998922,0.0000000020611536366565986
55.5,0,10000000000,0.009999999444000075,0.8599999999998922,0.0000000020611536366565986
55.6,0,10000000000,0.00999999944299786,0.8599999999998922,0.0000000020611536366565986
55.7,0,10000000000,0.009999999442000624,0.8599999999998922,0.0000000020611536366565986
55.800000000000004,0,10000000000,0.009999999440998407,0.8599999999998922,0.0000000020611536366565986
55.900000000000006,0,10000000000,0.00999999943999903,0.8599999999998922,0.0000000020611536366565986
56,0,10000000000,0.009999999439001785,0.8599999999998922,0.0000000020611536366565986
56.1,0,10000000000,0.009999999437999568,0.8599999999998922,0.0000000020611536366565986
56.2,0,10000000000,0.009999999436999491,0.8599999999998922,0.0000000020611536366565986
56.300000000000004,0,10000000000,0.009999999436000117,0.8599999999998922,0.0000000020611536366565986
56.400000000000006,0,10000000000,0.009999999435000075,0.8599999999998922,0.0000000020611536366565986
56.5,0,10000000000,0.009999999434000695,0.8599999999998922,0.0000000020611536366565986
56.6,0,10000000000,0.009999999433000612,0.8599999999998922,0.0000000020611536366565986
56.7,0,10000000000,0.009999999431998405,0.8599999999998922,0.0000000020611536366565986
56.800000000000004,0,10000000000,0.009999999431001159,0.8599999999998922,0.0000000020611536366565986
56.900000000000006,0,10000000000,0.009999999429999119,0.8599999999998922,0.0000000020611536366565986
57,0,10000000000,0.009999999428999031,0.8599999999998922,0.0000000020611536366565986
57.1,0,10000000000,0.009999999427999656,0.8599999999998922,0.0000000020611536366565986
57.2,0,10000000000,0.009999999426999579,0.8599999999998922,0.0000000020611536366565986
57.300000000000004,0,10000000000,0.009999999426000203,0.8599999999998922,0.0000000020611536366565986
57.400000000000006,0,10000000000,0.00999999942500016,0.8599999999998922,0.0000000020611536366565986
57.5,0,10000000000,0.009999999423997943,0.8599999999998922,0.0000000020611536366565986
57.6,0,10000000000,0.009999999423000698,0.8599999999998922,0.0000000020611536366565986
57.7,0,10000000000,0.00999999942199849,0.8599999999998922,0.0000000020611536366565986
57.800000000000004,0,10000000000,0.009999999420998407,0.8599999999998922,0.0000000020611536366565986
57.900000000000006,0,10000000000,0.00999999942000187,0.8599999999998922,0.0000000020611536366565986
58,0,10000000000,0.009999999418999652,0.8599999999998922,0.0000000020611536366565986
58.1,0,10000000000,0.009999999417999566,0.8599999999998922,0.0000000020611536366565986
58.2,0,10000000000,0.009999999417000199,0.8599999999998922,0.0000000020611536366565986
58.300000000000004,0,10000000000,0.009999999416000115,0.8599999999998922,0.0000000020611536366565986
58.400000000000006,0,10000000000,0.009999999415000781,0.8599999999998922,0.0000000020611536366565986
58.5,0,10000000000,0.009999999414000694,0.8599999999998922,0.0000000020611536366565986
58.6,0,10000000000,0.009999999412998478,0.8599999999998922,0.0000000020611536366565986
58.7,0,10000000000,0.009999999412001243,0.8599999999998922,0.0000000020611536366565986
58.800000000000004,0,10000000000,0.009999999410999025,0.8599999999998922,0.0000000020611536366565986
58.900000000000006,0,10000000000,0.009999999409999117,0.8599999999998922,0.0000000020611536366565986
59,0,10000000000,0.00999999940899974,0.8599999999998922,0.0000000020611536366565986
59.1,0,10000000000,0.009999999407999654,0.8599999999998922,0.0000000020611536366565986
59.2,0,10000000000,0.009999999407000287,0.8599999999998922,0.0000000020611536366565986
59.300000000000004,0,10000000000,0.009999999406000203,0.8599999999998922,0.0000000020611536366565986
59.400000000000006,0,10000000000,0.009999999404998029,0.8599999999998922,0.0000000020611536366565986
59.5,0,10000000000,0.009999999404000781,0.8599999999998922,0.0000000020611536366565986
59.6,0,10000000000,0.009999999402998566,0.8599999999998922,0.0000000020611536366565986
59.7,0,10000000000,0.009999999401998489,0.8599999999998922,0.0000000020611536366565986
59.800000000000004,0,10000000000,0.009999999400999113,0.8599999999998922,0.0000000020611536366565986
59.900000000000006,0,10000000000,0.009999999399999737,0.8599999999998922,0.0000000020611536366565986
60,0,10000000000,0.00999999939899965,0.8599999999998922,0.0000000020611536366565986
60.1,0,10000000000,0.009999999398000276,0.8599999999998922,0.0000000020611536366565986
60.2,0,10000000000,0.009999999397000199,0.8599999999998922,0.0000000020611536366565986
60.300000000000004,0,10000000000,0.009999999396000821,0.8599999999998922,0.0000000020611536366565986
60.400000000000006,0,10000000000,0.00999999939500078,0.8599999999998922,0.0000000020611536366565986
60.5,0,10000000000,0.009999999393998562,0.8599999999998922,0.0000000020611536366565986
60.6,0,10000000000,0.009999999393001318,0.8599999999998922,0.0000000020611536366565986
60.7,0,10000000000,0.00999999939199911,0.8599999999998922,0.0000000020611536366565986
60.800000000000004,0,10000000000,0.009999999390999026,0.8599999999998922,0.0000000020611536366565986
60.900000000000006,0,10000000000,0.009999999389999825,0.8599999999998922,0.0000000020611536366565986
61,0,10000000000,0.009999999388999738,0.8599999999998922,0.0000000020611536366565986
61.1,0,10000000000,0.009999999388000362,0.8599999999998922,0.0000000020611536366565986
61.2,0,10000000000,0.009999999387000285,0.8599999999998922,0.0000000020611536366565986
61.300000000000004,0,10000000000,0.00999999938599807,0.8599999999998922,0.0000000020611536366565986
61.400000000000006,0,10000000000,0.009999999385000867,0.8599999999998922,0.0000000020611536366565986
61.5,0,10000000000,0.00999999938399865,0.8599999999998922,0.0000000020611536366565986
61.6,0,10000000000,0.009999999382998566,0.8599999999998922,0.0000000020611536366565986
61.7,0,10000000000,0.009999999381999197,0.8599999999998922,0.0000000020611536366565986
61.800000000000004,0,10000000000,0.009999999380999111,0.8599999999998922,0.0000000020611536366565986
61.900000000000006,0,10000000000,0.009999999379999734,0.8599999999998922,0.0000000020611536366565986
62,0,10000000000,0.00999999937900036,0.8599999999998922,0.0000000020611536366565986
62.1,0,10000000000,0.009999999378000274,0.8599999999998922,0.0000000020611536366565986
62.2,0,10000000000,0.009999999377000905,0.8599999999998922,0.0000000020611536366565986
62.300000000000004,0,10000000000,0.009999999376000821,0.8599999999998922,0.0000000020611536366565986
62.400000000000006,0,10000000000,0.009999999374998604,0.8599999999998922,0.0000000020611536366565986
62.5,0,10000000000,0.009999999374001402,0.8599999999998922,0.0000000020611536366565986
62.6,0,10000000000,0.009999999372999186,0.8599999999998922,0.0000000020611536366565986
62.7,0,10000000000,0.009999999371999108,0.8599999999998922,0.0000000020611536366565986
62.800000000000004,0,10000000000,0.009999999370999733,0.8599999999998922,0.0000000020611536366565986
62.900000000000006,0,10000000000,0.009999999369999646,0.8599999999998922,0.0000000020611536366565986
63,0,10000000000,0.009999999369000446,0.8599999999998922,0.0000000020611536366565986
63.1,0,10000000000,0.009999999368000362,0.8599999999998922,0.0000000020611536366565986
63.2,0,10000000000,0.009999999366998153,0.8599999999998922,0.0000000020611536366565986
63.300000000000004,0,10000000000,0.00999999936600091,0.8599999999998922,0.0000000020611536366565986
63.400000000000006,0,10000000000,0.009999999364998692,0.8599999999998922,0.0000000020611536366565986
63.5,0,10000000000,0.00999999936399865,0.8599999999998922,0.0000000020611536366565986
63.6,0,10000000000,0.009999999362999272,0.8599999999998922,0.0000000020611536366565986
63.7,0,10000000000,0.009999999361999195,0.8599999999998922,0.0000000020611536366565986
63.800000000000004,0,10000000000,0.009999999360999821,0.8599999999998922,0.0000000020611536366565986
63.900000000000006,0,10000000000,0.009999999359999734,0.8599999999998922,0.0000000020611536366565986
64,0,10000000000,0.009999999359000358,0.8599999999998922,0.0000000020611536366565986
64.10000000000001,0,10000000000,0.009999999358000982,0.8599999999998922,0.0000000020611536366565986
64.2,0,10000000000,0.009999999357000905,0.8599999999998922,0.0000000020611536366565986
64.3,0,10000000000,0.00999999935599869,0.8599999999998922,0.0000000020611536366565986
64.4,0,10000000000,0.009999999355001442,0.8599999999998922,0.0000000020611536366565986
64.5,0,10000000000,0.009999999353999268,0.8599999999998922,0.0000000020611536366565986
64.60000000000001,0,10000000000,0.009999999352999184,0.8599999999998922,0.0000000020611536366565986
64.7,0,10000000000,0.009999999351999817,0.8599999999998922,0.0000000020611536366565986
64.8,0,10000000000,0.009999999350999732,0.8599999999998922,0.0000000020611536366565986
64.9,0,10000000000,0.009999999350000354,0.8599999999998922,0.0000000020611536366565986
65,0,10000000000,0.009999999349000446,0.8599999999998922,0.0000000020611536366565986
65.10000000000001,0,10000000000,0.009999999347998228,0.8599999999998922,0.0000000020611536366565986
65.2,0,10000000000,0.009999999347000993,0.8599999999998922,0.0000000020611536366565986
65.3,0,10000000000,0.009999999345998777,0.8599999999998922,0.0000000020611536366565986
65.4,0,10000000000,0.00999999934499869,0.8599999999998922,0.0000000020611536366565986
65.5,0,10000000000,0.009999999343999356,0.8599999999998922,0.0000000020611536366565986
65.60000000000001,0,10000000000,0.00999999934299927,0.8599999999998922,0.0000000020611536366565986
65.7,0,10000000000,0.009999999341999905,0.8599999999998922,0.0000000020611536366565986
65.8,0,10000000000,0.00999999934099982,0.8599999999998922,0.0000000020611536366565986
65.9,0,10000000000,0.0099999993399976,0.8599999999998922,0.0000000020611536366565986
66,0,10000000000,0.009999999339001064,0.8599999999998922,0.0000000020611536366565986
66.10000000000001,0,10000000000,0.00999999933800098,0.8599999999998922,0.0000000020611536366565986
66.2,0,10000000000,0.009999999336998773,0.8599999999998922,0.0000000020611536366565986
66.3,0,10000000000,0.009999999336001528,0.8599999999998922,0.0000000020611536366565986
66.4,0,10000000000,0.00999999933499931,0.8599999999998922,0.0000000020611536366565986
66.5,0,10000000000,0.009999999333999268,0.8599999999998922,0.0000000020611536366565986
66.60000000000001,0,10000000000,0.009999999332999892,0.8599999999998922,0.0000000020611536366565986
66.7,0,10000000000,0.009999999331999816,0.8599999999998922,0.0000000020611536366565986
66.8,0,10000000000,0.00999999933100044,0.8599999999998922,0.0000000020611536366565986
66.9,0,10000000000,0.009999999330000352,0.8599999999998922,0.0000000020611536366565986
67,0,10000000000,0.009999999328998312,0.8599999999998922,0.0000000020611536366565986
67.10000000000001,0,10000000000,0.009999999328001066,0.8599999999998922,0.0000000020611536366565986
67.2,0,10000000000,0.00999999932699886,0.8599999999998922,0.0000000020611536366565986
67.3,0,10000000000,0.009999999325998776,0.8599999999998922,0.0000000020611536366565986
67.4,0,10000000000,0.009999999324999396,0.8599999999998922,0.0000000020611536366565986
67.5,0,10000000000,0.009999999323999354,0.8599999999998922,0.0000000020611536366565986
67.60000000000001,0,10000000000,0.00999999932299998,0.8599999999998922,0.0000000020611536366565986
67.7,0,10000000000,0.009999999321999903,0.8599999999998922,0.0000000020611536366565986
67.8,0,10000000000,0.009999999320997686,0.8599999999998922,0.0000000020611536366565986
67.9,0,10000000000,0.009999999320000442,0.8599999999998922,0.0000000020611536366565986
68,0,10000000000,0.009999999319001064,0.8599999999998922,0.0000000020611536366565986
68.10000000000001,0,10000000000,0.009999999317998847,0.8599999999998922,0.0000000020611536366565986
68.2,0,10000000000,0.009999999317001611,0.8599999999998922,0.0000000020611536366565986
68.3,0,10000000000,0.009999999315999392,0.8599999999998922,0.0000000020611536366565986
68.4,0,10000000000,0.009999999314999309,0.8599999999998922,0.0000000020611536366565986
68.5,0,10000000000,0.009999999313999976,0.8599999999998922,0.0000000020611536366565986
68.60000000000001,0,10000000000,0.00999999931299989,0.8599999999998922,0.0000000020611536366565986
68.7,0,10000000000,0.009999999312000522,0.8599999999998922,0.0000000020611536366565986
68.8,0,10000000000,0.009999999311000436,0.8599999999998922,0.0000000020611536366565986
68.9,0,10000000000,0.00999999930999822,0.8599999999998922,0.0000000020611536366565986
69,0,10000000000,0.00999999930900115,0.8599999999998922,0.0000000020611536366565986
69.10000000000001,0,10000000000,0.009999999307998936,0.8599999999998922,0.0000000020611536366565986
69.2,0,10000000000,0.00999999930699886,0.8599999999998922,0.0000000020611536366565986
69.3,0,10000000000,0.00999999930599948,0.8599999999998922,0.0000000020611536366565986
69.4,0,10000000000,0.009999999304999398,0.8599999999998922,0.0000000020611536366565986
69.5,0,10000000000,0.009999999304000064,0.8599999999998922,0.0000000020611536366565986
69.60000000000001,0,10000000000,0.009999999302999978,0.8599999999998922,0.0000000020611536366565986
69.7,0,10000000000,0.00999999930199777,0.8599999999998922,0.0000000020611536366565986
69.8,0,10000000000,0.009999999301000524,0.8599999999998922,0.0000000020611536366565986
69.9,0,10000000000,0.009999999299998308,0.8599999999998922,0.0000000020611536366565986
70,0,10000000000,0.00999999929899893,0.8599999999998922,0.0000000020611536366565986
70.10000000000001,0,10000000000,0.009999999298001687,0.8599999999998922,0.0000000020611536366565986
70.2,0,10000000000,0.009999999296999478,0.8599999999998922,0.0000000020611536366565986
70.3,0,10000000000,0.009999999295999392,0.8599999999998922,0.0000000020611536366565986
70.4,0,10000000000,0.009999999295000016,0.8599999999998922,0.0000000020611536366565986
70.5,0,10000000000,0.009999999293999974,0.8599999999998922,0.0000000020611536366565986
70.60000000000001,0,10000000000,0.009999999293000598,0.8599999999998922,0.0000000020611536366565986
70.7,0,10000000000,0.009999999292000522,0.8599999999998922,0.0000000020611536366565986
70.8,0,10000000000,0.009999999290998304,0.8599999999998922,0.0000000020611536366565986
70.9,0,10000000000,0.00999999929000106,0.8599999999998922,0.0000000020611536366565986
71,0,10000000000,0.009999999288999018,0.8599999999998922,0.0000000020611536366565986
71.10000000000001,0,10000000000,0.009999999287998934,0.8599999999998922,0.0000000020611536366565986
71.2,0,10000000000,0.009999999286999565,0.8599999999998922,0.0000000020611536366565986
71.3,0,10000000000,0.009999999285999478,0.8599999999998922,0.0000000020611536366565986
71.4,0,10000000000,0.009999999285000104,0.8599999999998922,0.0000000020611536366565986
71.5,0,10000000000,0.009999999284000062,0.8599999999998922,0.0000000020611536366565986
71.60000000000001,0,10000000000,0.009999999282997845,0.8599999999998922,0.0000000020611536366565986
71.7,0,10000000000,0.009999999282000611,0.8599999999998922,0.0000000020611536366565986
71.8,0,10000000000,0.009999999280998392,0.8599999999998922,0.0000000020611536366565986
71.9,0,10000000000,0.009999999279998307,0.8599999999998922,0.0000000020611536366565986
72,0,10000000000,0.00999999927900177,0.8599999999998922,0.0000000020611536366565986
72.10000000000001,0,10000000000,0.009999999277999555,0.8599999999998922,0.0000000020611536366565986
72.2,0,10000000000,0.009999999276999478,0.8599999999998922,0.0000000020611536366565986
72.3,0,10000000000,0.0099999992760001,0.8599999999998922,0.0000000020611536366565986
72.4,0,10000000000,0.009999999275000017,0.8599999999998922,0.0000000020611536366565986
72.5,0,10000000000,0.00999999927400068,0.8599999999998922,0.0000000020611536366565986
72.60000000000001,0,10000000000,0.009999999273000597,0.8599999999998922,0.0000000020611536366565986
72.7,0,10000000000,0.00999999927199839,0.8599999999998922,0.0000000020611536366565986
72.8,0,10000000000,0.009999999271001142,0.8599999999998922,0.0000000020611536366565986
72.9,0,10000000000,0.009999999269998927,0.8599999999998922,0.0000000020611536366565986
73,0,10000000000,0.009999999268999018,0.8599999999998922,0.0000000020611536366565986
73.10000000000001,0,10000000000,0.00999999926799964,0.8599999999998922,0.0000000020611536366565986
73.2,0,10000000000,0.009999999266999566,0.8599999999998922,0.0000000020611536366565986
73.3,0,10000000000,0.009999999266000188,0.8599999999998922,0.0000000020611536366565986
73.4,0,10000000000,0.009999999265000102,0.8599999999998922,0.0000000020611536366565986
73.5,0,10000000000,0.009999999263997928,0.8599999999998922,0.0000000020611536366565986
73.60000000000001,0,10000000000,0.009999999263000684,0.8599999999998922,0.0000000020611536366565986
73.7,0,10000000000,0.009999999261998477,0.8599999999998922,0.0000000020611536366565986
73.8,0,10000000000,0.00999999926099839,0.8599999999998922,0.0000000020611536366565986
73.9,0,10000000000,0.009999999259999014,0.8599999999998922,0.0000000020611536366565986
74,0,10000000000,0.009999999258999637,0.8599999999998922,0.0000000020611536366565986
74.10000000000001,0,10000000000,0.009999999257999553,0.8599999999998922,0.0000000020611536366565986
74.2,0,10000000000,0.009999999257000175,0.8599999999998922,0.0000000020611536366565986
74.3,0,10000000000,0.009999999256000099,0.8599999999998922,0.0000000020611536366565986
74.4,0,10000000000,0.009999999255000723,0.8599999999998922,0.0000000020611536366565986
74.5,0,10000000000,0.00999999925400068,0.8599999999998922,0.0000000020611536366565986
74.60000000000001,0,10000000000,0.009999999252998463,0.8599999999998922,0.0000000020611536366565986
74.7,0,10000000000,0.009999999252001218,0.8599999999998922,0.0000000020611536366565986
74.8,0,10000000000,0.00999999925099901,0.8599999999998922,0.0000000020611536366565986
74.9,0,10000000000,0.009999999249998925,0.8599999999998922,0.0000000020611536366565986
75,0,10000000000,0.009999999248999724,0.8599999999998922,0.0000000020611536366565986
75.10000000000001,0,10000000000,0.00999999924799964,0.8599999999998922,0.0000000020611536366565986
75.2,0,10000000000,0.009999999247000263,0.8599999999998922,0.0000000020611536366565986
75.3,0,10000000000,0.009999999246000186,0.8599999999998922,0.0000000020611536366565986
75.4,0,10000000000,0.00999999924499797,0.8599999999998922,0.0000000020611536366565986
75.5,0,10000000000,0.009999999244000767,0.8599999999998922,0.0000000020611536366565986
75.60000000000001,0,10000000000,0.009999999242998553,0.8599999999998922,0.0000000020611536366565986
75.7,0,10000000000,0.009999999241998465,0.8599999999998922,0.0000000020611536366565986
75.8,0,10000000000,0.009999999240999096,0.8599999999998922,0.0000000020611536366565986
75.9,0,10000000000,0.009999999239999013,0.8599999999998922,0.0000000020611536366565986
76,0,10000000000,0.009999999238999637,0.8599999999998922,0.0000000020611536366565986
76.10000000000001,0,10000000000,0.00999999923800026,0.8599999999998922,0.0000000020611536366565986
76.2,0,10000000000,0.009999999237000174,0.8599999999998922,0.0000000020611536366565986
76.3,0,10000000000,0.009999999236000806,0.8599999999998922,0.0000000020611536366565986
76.4,0,10000000000,0.009999999235000721,0.8599999999998922,0.0000000020611536366565986
76.5,0,10000000000,0.009999999233998547,0.8599999999998922,0.0000000020611536366565986
76.60000000000001,0,10000000000,0.009999999233001305,0.8599999999998922,0.0000000020611536366565986
76.7,0,10000000000,0.009999999231999086,0.8599999999998922,0.0000000020611536366565986
76.80000000000001,0,10000000000,0.009999999230999009,0.8599999999998922,0.0000000020611536366565986
76.9,0,10000000000,0.009999999229999635,0.8599999999998922,0.0000000020611536366565986
77,0,10000000000,0.009999999228999723,0.8599999999998922,0.0000000020611536366565986
77.10000000000001,0,10000000000,0.009999999228000349,0.8599999999998922,0.0000000020611536366565986
77.2,0,10000000000,0.009999999227000261,0.8599999999998922,0.0000000020611536366565986
77.30000000000001,0,10000000000,0.009999999225998053,0.8599999999998922,0.0000000020611536366565986
77.4,0,10000000000,0.00999999922500081,0.8599999999998922,0.0000000020611536366565986
77.5,0,10000000000,0.009999999223998636,0.8599999999998922,0.0000000020611536366565986
77.60000000000001,0,10000000000,0.009999999222998551,0.8599999999998922,0.0000000020611536366565986
77.7,0,10000000000,0.009999999221999172,0.8599999999998922,0.0000000020611536366565986
77.80000000000001,0,10000000000,0.009999999220999096,0.8599999999998922,0.0000000020611536366565986
77.9,0,10000000000,0.00999999921999972,0.8599999999998922,0.0000000020611536366565986
78,0,10000000000,0.009999999219000345,0.8599999999998922,0.0000000020611536366565986
78.10000000000001,0,10000000000,0.009999999218000261,0.8599999999998922,0.0000000020611536366565986
78.2,0,10000000000,0.009999999217000882,0.8599999999998922,0.0000000020611536366565986
78.30000000000001,0,10000000000,0.009999999216000805,0.8599999999998922,0.0000000020611536366565986
78.4,0,10000000000,0.009999999214998589,0.8599999999998922,0.0000000020611536366565986
78.5,0,10000000000,0.009999999214001387,0.8599999999998922,0.0000000020611536366565986
78.60000000000001,0,10000000000,0.009999999212999171,0.8599999999998922,0.0000000020611536366565986
78.7,0,10000000000,0.009999999211999084,0.8599999999998922,0.0000000020611536366565986
78.80000000000001,0,10000000000,0.009999999210999717,0.8599999999998922,0.0000000020611536366565986
78.9,0,10000000000,0.009999999209999633,0.8599999999998922,0.0000000020611536366565986
79,0,10000000000,0.009999999209000432,0.8599999999998922,0.0000000020611536366565986
79.10000000000001,0,10000000000,0.009999999208000347,0.8599999999998922,0.0000000020611536366565986
79.2,0,10000000000,0.009999999206998128,0.8599999999998922,0.0000000020611536366565986
79.30000000000001,0,10000000000,0.009999999206000894,0.8599999999998922,0.0000000020611536366565986
79.4,0,10000000000,0.009999999204998677,0.8599999999998922,0.0000000020611536366565986
79.5,0,10000000000,0.009999999203998635,0.8599999999998922,0.0000000020611536366565986
79.60000000000001,0,10000000000,0.009999999202999259,0.8599999999998922,0.0000000020611536366565986
79.7,0,10000000000,0.009999999201999172,0.8599999999998922,0.0000000020611536366565986
79.80000000000001,0,10000000000,0.009999999200999804,0.8599999999998922,0.0000000020611536366565986
79.9,0,10000000000,0.009999999199999719,0.8599999999998922,0.0000000020611536366565986
80,0,10000000000,0.009999999199000343,0.8599999999998922,0.0000000020611536366565986
80.10000000000001,0,10000000000,0.009999999198000967,0.8599999999998922,0.0000000020611536366565986
80.2,0,10000000000,0.00999999919700088,0.8599999999998922,0.0000000020611536366565986
80.30000000000001,0,10000000000,0.009999999195998673,0.8599999999998922,0.0000000020611536366565986
80.4,0,10000000000,0.009999999195001429,0.8599999999998922,0.0000000020611536366565986
80.5,0,10000000000,0.009999999193999255,0.8599999999998922,0.0000000020611536366565986
80.60000000000001,0,10000000000,0.009999999192999168,0.8599999999998922,0.0000000020611536366565986
80.7,0,10000000000,0.009999999191999792,0.8599999999998922,0.0000000020611536366565986
80.80000000000001,0,10000000000,0.009999999190999717,0.8599999999998922,0.0000000020611536366565986
80.9,0,10000000000,0.009999999190000339,0.8599999999998922,0.0000000020611536366565986
81,0,10000000000,0.00999999918900043,0.8599999999998922,0.0000000020611536366565986
81.10000000000001,0,10000000000,0.009999999187998211,0.8599999999998922,0.0000000020611536366565986
81.2,0,10000000000,0.009999999187000968,0.8599999999998922,0.0000000020611536366565986
81.30000000000001,0,10000000000,0.00999999918599876,0.8599999999998922,0.0000000020611536366565986
81.4,0,10000000000,0.009999999184998675,0.8599999999998922,0.0000000020611536366565986
81.5,0,10000000000,0.00999999918399934,0.8599999999998922,0.0000000020611536366565986
81.60000000000001,0,10000000000,0.009999999182999254,0.8599999999998922,0.0000000020611536366565986
81.7,0,10000000000,0.00999999918199988,0.8599999999998922,0.0000000020611536366565986
81.80000000000001,0,10000000000,0.009999999180999803,0.8599999999998922,0.0000000020611536366565986
81.9,0,10000000000,0.009999999179997587,0.8599999999998922,0.0000000020611536366565986
82,0,10000000000,0.00999999917900105,0.8599999999998922,0.0000000020611536366565986
82.10000000000001,0,10000000000,0.009999999178000964,0.8599999999998922,0.0000000020611536366565986
82.2,0,10000000000,0.009999999176998746,0.8599999999998922,0.0000000020611536366565986
82.30000000000001,0,10000000000,0.009999999176001513,0.8599999999998922,0.0000000020611536366565986
82.4,0,10000000000,0.009999999174999295,0.8599999999998922,0.0000000020611536366565986
82.5,0,10000000000,0.009999999173999253,0.8599999999998922,0.0000000020611536366565986
82.60000000000001,0,10000000000,0.009999999172999876,0.8599999999998922,0.0000000020611536366565986
82.7,0,10000000000,0.009999999171999792,0.8599999999998922,0.0000000020611536366565986
82.80000000000001,0,10000000000,0.009999999171000423,0.8599999999998922,0.0000000020611536366565986
82.9,0,10000000000,0.009999999170000337,0.8599999999998922,0.0000000020611536366565986
83,0,10000000000,0.009999999168998297,0.8599999999998922,0.0000000020611536366565986
83.10000000000001,0,10000000000,0.00999999916800105,0.8599999999998922,0.0000000020611536366565986
83.2,0,10000000000,0.009999999166998836,0.8599999999998922,0.0000000020611536366565986
83.30000000000001,0,10000000000,0.009999999165998759,0.8599999999998922,0.0000000020611536366565986
83.4,0,10000000000,0.009999999164999383,0.8599999999998922,0.0000000020611536366565986
83.5,0,10000000000,0.009999999163999341,0.8599999999998922,0.0000000020611536366565986
83.60000000000001,0,10000000000,0.009999999162999963,0.8599999999998922,0.0000000020611536366565986
83.7,0,10000000000,0.009999999161999878,0.8599999999998922,0.0000000020611536366565986
83.80000000000001,0,10000000000,0.009999999160997669,0.8599999999998922,0.0000000020611536366565986
83.9,0,10000000000,0.009999999160000427,0.8599999999998922,0.0000000020611536366565986
84,0,10000000000,0.00999999915900105,0.8599999999998922,0.0000000020611536366565986
84.10000000000001,0,10000000000,0.00999999915799883,0.8599999999998922,0.0000000020611536366565986
84.2,0,10000000000,0.009999999157001588,0.8599999999998922,0.0000000020611536366565986
84.30000000000001,0,10000000000,0.009999999155999379,0.8599999999998922,0.0000000020611536366565986
84.4,0,10000000000,0.009999999154999294,0.8599999999998922,0.0000000020611536366565986
84.5,0,10000000000,0.00999999915399996,0.8599999999998922,0.0000000020611536366565986
84.60000000000001,0,10000000000,0.009999999152999874,0.8599999999998922,0.0000000020611536366565986
84.7,0,10000000000,0.009999999152000498,0.8599999999998922,0.0000000020611536366565986
84.80000000000001,0,10000000000,0.009999999151000421,0.8599999999998922,0.0000000020611536366565986
84.9,0,10000000000,0.009999999149998207,0.8599999999998922,0.0000000020611536366565986
85,0,10000000000,0.009999999149001137,0.8599999999998922,0.0000000020611536366565986
85.10000000000001,0,10000000000,0.00999999914799892,0.8599999999998922,0.0000000020611536366565986
85.2,0,10000000000,0.009999999146998834,0.8599999999998922,0.0000000020611536366565986
85.30000000000001,0,10000000000,0.009999999145999465,0.8599999999998922,0.0000000020611536366565986
85.4,0,10000000000,0.009999999144999381,0.8599999999998922,0.0000000020611536366565986
85.5,0,10000000000,0.009999999144000049,0.8599999999998922,0.0000000020611536366565986
85.60000000000001,0,10000000000,0.009999999142999962,0.8599999999998922,0.0000000020611536366565986
85.7,0,10000000000,0.009999999141997746,0.8599999999998922,0.0000000020611536366565986
85.80000000000001,0,10000000000,0.00999999914100051,0.8599999999998922,0.0000000020611536366565986
85.9,0,10000000000,0.009999999139998293,0.8599999999998922,0.0000000020611536366565986
86,0,10000000000,0.009999999138998916,0.8599999999998922,0.0000000020611536366565986
86.10000000000001,0,10000000000,0.00999999913800167,0.8599999999998922,0.0000000020611536366565986
86.2,0,10000000000,0.009999999136999454,0.8599999999998922,0.0000000020611536366565986
86.30000000000001,0,10000000000,0.009999999135999377,0.8599999999998922,0.0000000020611536366565986
86.4,0,10000000000,0.009999999135000003,0.8599999999998922,0.0000000020611536366565986
86.5,0,10000000000,0.009999999133999961,0.8599999999998922,0.0000000020611536366565986
86.60000000000001,0,10000000000,0.009999999133000582,0.8599999999998922,0.0000000020611536366565986
86.7,0,10000000000,0.009999999132000496,0.8599999999998922,0.0000000020611536366565986
86.80000000000001,0,10000000000,0.00999999913099829,0.8599999999998922,0.0000000020611536366565986
86.9,0,10000000000,0.009999999130001045,0.8599999999998922,0.0000000020611536366565986
87,0,10000000000,0.009999999128999005,0.8599999999998922,0.0000000020611536366565986
87.10000000000001,0,10000000000,0.009999999127998918,0.8599999999998922,0.0000000020611536366565986
87.2,0,10000000000,0.009999999126999542,0.8599999999998922,0.0000000020611536366565986
87.30000000000001,0,10000000000,0.009999999125999465,0.8599999999998922,0.0000000020611536366565986
87.4,0,10000000000,0.00999999912500009,0.8599999999998922,0.0000000020611536366565986
87.5,0,10000000000,0.009999999124000002,0.8599999999998922,0.0000000020611536366565986
87.60000000000001,0,10000000000,0.00999999912299783,0.8599999999998922,0.0000000020611536366565986
87.7,0,10000000000,0.009999999122000584,0.8599999999998922,0.0000000020611536366565986
87.80000000000001,0,10000000000,0.009999999120998377,0.8599999999998922,0.0000000020611536366565986
87.9,0,10000000000,0.009999999119998293,0.8599999999998922,0.0000000020611536366565986
88,0,10000000000,0.009999999118998914,0.8599999999998922,0.0000000020611536366565986
88.10000000000001,0,10000000000,0.009999999117999538,0.8599999999998922,0.0000000020611536366565986
88.2,0,10000000000,0.009999999116999453,0.8599999999998922,0.0000000020611536366565986
88.30000000000001,0,10000000000,0.009999999116000085,0.8599999999998922,0.0000000020611536366565986
88.4,0,10000000000,0.009999999115000002,0.8599999999998922,0.0000000020611536366565986
88.5,0,10000000000,0.009999999114000622,0.8599999999998922,0.0000000020611536366565986
88.60000000000001,0,10000000000,0.00999999911300058,0.8599999999998922,0.0000000020611536366565986
88.7,0,10000000000,0.009999999111998364,0.8599999999998922,0.0000000020611536366565986
88.80000000000001,0,10000000000,0.00999999911100113,0.8599999999998922,0.0000000020611536366565986
88.9,0,10000000000,0.009999999109998912,0.8599999999998922,0.0000000020611536366565986
89,0,10000000000,0.009999999108998825,0.8599999999998922,0.0000000020611536366565986
89.10000000000001,0,10000000000,0.009999999107999624,0.8599999999998922,0.0000000020611536366565986
89.2,0,10000000000,0.00999999910699954,0.8599999999998922,0.0000000020611536366565986
89.30000000000001,0,10000000000,0.009999999106000173,0.8599999999998922,0.0000000020611536366565986
89.4,0,10000000000,0.00999999910500009,0.8599999999998922,0.0000000020611536366565986
89.5,0,10000000000,0.00999999910399787,0.8599999999998922,0.0000000020611536366565986
89.60000000000001,0,10000000000,0.009999999103000668,0.8599999999998922,0.0000000020611536366565986
89.7,0,10000000000,0.009999999101998452,0.8599999999998922,0.0000000020611536366565986
89.80000000000001,0,10000000000,0.009999999100998375,0.8599999999998922,0.0000000020611536366565986
89.9,0,10000000000,0.009999999099999,0.8599999999998922,0.0000000020611536366565986
90,0,10000000000,0.009999999098998912,0.8599999999998922,0.0000000020611536366565986
90.10000000000001,0,10000000000,0.009999999097999536,0.8599999999998922,0.0000000020611536366565986
90.2,0,10000000000,0.009999999097000162,0.8599999999998922,0.0000000020611536366565986
90.30000000000001,0,10000000000,0.009999999096000085,0.8599999999998922,0.0000000020611536366565986
90.4,0,10000000000,0.009999999095000708,0.8599999999998922,0.0000000020611536366565986
90.5,0,10000000000,0.00999999909400062,0.8599999999998922,0.0000000020611536366565986
90.60000000000001,0,10000000000,0.009999999092998446,0.8599999999998922,0.0000000020611536366565986
90.7,0,10000000000,0.009999999092001204,0.8599999999998922,0.0000000020611536366565986
90.80000000000001,0,10000000000,0.009999999090998996,0.8599999999998922,0.0000000020611536366565986
90.9,0,10000000000,0.009999999089998912,0.8599999999998922,0.0000000020611536366565986
91,0,10000000000,0.009999999088999534,0.8599999999998922,0.0000000020611536366565986
91.10000000000001,0,10000000000,0.009999999087999624,0.8599999999998922,0.0000000020611536366565986
91.2,0,10000000000,0.009999999087000248,0.8599999999998922,0.0000000020611536366565986
91.30000000000001,0,10000000000,0.009999999086000171,0.8599999999998922,0.0000000020611536366565986
91.4,0,10000000000,0.009999999084997956,0.8599999999998922,0.0000000020611536366565986
91.5,0,10000000000,0.00999999908400071,0.8599999999998922,0.0000000020611536366565986
91.60000000000001,0,10000000000,0.009999999082998536,0.8599999999998922,0.0000000020611536366565986
91.7,0,10000000000,0.00999999908199845,0.8599999999998922,0.0000000020611536366565986
91.80000000000001,0,10000000000,0.009999999080999083,0.8599999999998922,0.0000000020611536366565986
91.9,0,10000000000,0.009999999079998998,0.8599999999998922,0.0000000020611536366565986
92,0,10000000000,0.00999999907899962,0.8599999999998922,0.0000000020611536366565986
92.10000000000001,0,10000000000,0.009999999078000244,0.8599999999998922,0.0000000020611536366565986
92.2,0,10000000000,0.00999999907700016,0.8599999999998922,0.0000000020611536366565986
92.30000000000001,0,10000000000,0.009999999076000791,0.8599999999998922,0.0000000020611536366565986
92.4,0,10000000000,0.009999999075000708,0.8599999999998922,0.0000000020611536366565986
92.5,0,10000000000,0.00999999907399849,0.8599999999998922,0.0000000020611536366565986
92.60000000000001,0,10000000000,0.009999999073001288,0.8599999999998922,0.0000000020611536366565986
92.7,0,10000000000,0.00999999907199907,0.8599999999998922,0.0000000020611536366565986
92.80000000000001,0,10000000000,0.009999999070998994,0.8599999999998922,0.0000000020611536366565986
92.9,0,10000000000,0.00999999906999962,0.8599999999998922,0.0000000020611536366565986
93,0,10000000000,0.009999999068999533,0.8599999999998922,0.0000000020611536366565986
93.10000000000001,0,10000000000,0.009999999068000332,0.8599999999998922,0.0000000020611536366565986
93.2,0,10000000000,0.009999999067000246,0.8599999999998922,0.0000000020611536366565986
93.30000000000001,0,10000000000,0.00999999906599804,0.8599999999998922,0.0000000020611536366565986
93.4,0,10000000000,0.009999999065000795,0.8599999999998922,0.0000000020611536366565986
93.5,0,10000000000,0.009999999063998576,0.8599999999998922,0.0000000020611536366565986
93.60000000000001,0,10000000000,0.009999999062998534,0.8599999999998922,0.0000000020611536366565986
93.7,0,10000000000,0.009999999061999158,0.8599999999998922,0.0000000020611536366565986
93.80000000000001,0,10000000000,0.009999999060999082,0.8599999999998922,0.0000000020611536366565986
93.9,0,10000000000,0.009999999059999704,0.8599999999998922,0.0000000020611536366565986
94,0,10000000000,0.00999999905899962,0.8599999999998922,0.0000000020611536366565986
94.10000000000001,0,10000000000,0.009999999058000244,0.8599999999998922,0.0000000020611536366565986
94.2,0,10000000000,0.009999999057000867,0.8599999999998922,0.0000000020611536366565986
94.30000000000001,0,10000000000,0.00999999905600079,0.8599999999998922,0.0000000020611536366565986
94.4,0,10000000000,0.009999999054998574,0.8599999999998922,0.0000000020611536366565986
94.5,0,10000000000,0.009999999054001328,0.8599999999998922,0.0000000020611536366565986
94.60000000000001,0,10000000000,0.009999999052999154,0.8599999999998922,0.0000000020611536366565986
94.7,0,10000000000,0.009999999051999069,0.8599999999998922,0.0000000020611536366565986
94.80000000000001,0,10000000000,0.009999999050999703,0.8599999999998922,0.0000000020611536366565986
94.9,0,10000000000,0.009999999049999616,0.8599999999998922,0.0000000020611536366565986
95,0,10000000000,0.00999999904900024,0.8599999999998922,0.0000000020611536366565986
95.10000000000001,0,10000000000,0.009999999048000332,0.8599999999998922,0.0000000020611536366565986
95.2,0,10000000000,0.009999999046998114,0.8599999999998922,0.0000000020611536366565986
95.30000000000001,0,10000000000,0.00999999904600088,0.8599999999998922,0.0000000020611536366565986
95.4,0,10000000000,0.00999999904499866,0.8599999999998922,0.0000000020611536366565986
95.5,0,10000000000,0.009999999043998576,0.8599999999998922,0.0000000020611536366565986
95.60000000000001,0,10000000000,0.009999999042999242,0.8599999999998922,0.0000000020611536366565986
95.7,0,10000000000,0.009999999041999157,0.8599999999998922,0.0000000020611536366565986
95.80000000000001,0,10000000000,0.00999999904099979,0.8599999999998922,0.0000000020611536366565986
95.9,0,10000000000,0.009999999039999704,0.8599999999998922,0.0000000020611536366565986
96,0,10000000000,0.009999999038997487,0.8599999999998922,0.0000000020611536366565986
96.10000000000001,0,10000000000,0.00999999903800095,0.8599999999998922,0.0000000020611536366565986
96.2,0,10000000000,0.009999999037000865,0.8599999999998922,0.0000000020611536366565986
96.30000000000001,0,10000000000,0.00999999903599866,0.8599999999998922,0.0000000020611536366565986
96.4,0,10000000000,0.009999999035001412,0.8599999999998922,0.0000000020611536366565986
96.5,0,10000000000,0.009999999033999195,0.8599999999998922,0.0000000020611536366565986
96.60000000000001,0,10000000000,0.009999999032999153,0.8599999999998922,0.0000000020611536366565986
96.7,0,10000000000,0.009999999031999779,0.8599999999998922,0.0000000020611536366565986
96.80000000000001,0,10000000000,0.009999999030999702,0.8599999999998922,0.0000000020611536366565986
96.9,0,10000000000,0.009999999030000322,0.8599999999998922,0.0000000020611536366565986
97,0,10000000000,0.009999999029000239,0.8599999999998922,0.0000000020611536366565986
97.10000000000001,0,10000000000,0.009999999027998198,0.8599999999998922,0.0000000020611536366565986
97.2,0,10000000000,0.009999999027000953,0.8599999999998922,0.0000000020611536366565986
97.30000000000001,0,10000000000,0.009999999025998746,0.8599999999998922,0.0000000020611536366565986
97.4,0,10000000000,0.00999999902499866,0.8599999999998922,0.0000000020611536366565986
97.5,0,10000000000,0.009999999023999282,0.8599999999998922,0.0000000020611536366565986
97.60000000000001,0,10000000000,0.00999999902299924,0.8599999999998922,0.0000000020611536366565986
97.7,0,10000000000,0.009999999021999866,0.8599999999998922,0.0000000020611536366565986
97.80000000000001,0,10000000000,0.00999999902099979,0.8599999999998922,0.0000000020611536366565986
97.9,0,10000000000,0.00999999901999757,0.8599999999998922,0.0000000020611536366565986
98,0,10000000000,0.009999999019000326,0.8599999999998922,0.0000000020611536366565986
98.10000000000001,0,10000000000,0.009999999018000949,0.8599999999998922,0.0000000020611536366565986
98.2,0,10000000000,0.009999999016998733,0.8599999999998922,0.0000000020611536366565986
98.30000000000001,0,10000000000,0.009999999016001498,0.8599999999998922,0.0000000020611536366565986
98.4,0,10000000000,0.009999999014999279,0.8599999999998922,0.0000000020611536366565986
98.5,0,10000000000,0.009999999013999195,0.8599999999998922,0.0000000020611536366565986
98.60000000000001,0,10000000000,0.009999999012999862,0.8599999999998922,0.0000000020611536366565986
98.7,0,10000000000,0.009999999011999777,0.8599999999998922,0.0000000020611536366565986
98.80000000000001,0,10000000000,0.009999999011000408,0.8599999999998922,0.0000000020611536366565986
98.9,0,10000000000,0.009999999010000322,0.8599999999998922,0.0000000020611536366565986
99,0,10000000000,0.009999999008998107,0.8599999999998922,0.0000000020611536366565986
99.10000000000001,0,10000000000,0.009999999008001036,0.8599999999998922,0.0000000020611536366565986
99.2,0,10000000000,0.00999999900699882,0.8599999999998922,0.0000000020611536366565986
99.30000000000001,0,10000000000,0.009999999005998746,0.8599999999998922,0.0000000020611536366565986
99.4,0,10000000000,0.009999999004999366,0.8599999999998922,0.0000000020611536366565986
99.5,0,10000000000,0.00999999900399928,0.8599999999998922,0.0000000020611536366565986
99.60000000000001,0,10000000000,0.009999999002999948,0.8599999999998922,0.0000000020611536366565986
99.7,0,10000000000,0.009999999001999865,0.8599999999998922,0.0000000020611536366565986
99.80000000000001,0,10000000000,0.009999999000997656,0.8599999999998922,0.0000000020611536366565986
99.9,0,10000000000,0.00999999900000041,0.8599999999998922,0.0000000020611536366565986
