time(s),avg_photon_density,avg_axion_density,avg_neutrino_density,avg_energy_density
0,3552336257.094722,6444444697.9967785,10000000000,320000000000032630000000000000000000
0.00000000000000005391247,143754554367931820000000000000000000,215731627305882630000000000000000000,10000000000,320000000000032630000000000000000000
0.00000000000000010782494,146597014398164680000000000000000000000000000000000000000000000,111139360247544560000000000000000000000000000000000000000000000,10002097821.544355,320000000000032630000000000000000000
0.00000000000000016173741000000001,87698607662523770000000000000000000000000000000000000000000000000000000000000000000000000,108753998141851270000000000000000000000000000000000000000000000000000000000000000000000000,1757274335120395000000000000000000,320000000000032630000000000000000000
0.00000000000000021564988,83120170846186730000000000000000000000000000000000000000000000000000000000000000000000000000000000000000000000000000,69803430047460940000000000000000000000000000000000000000000000000000000000000000000000000000000000000000000000000000,1359601718183845600000000000000000000000000000000000000000000,320000000000032630000000000000000000
0.00000000000000026956235,55283640002586780000000000000000000000000000000000000000000000000000000000000000000000000000000000000000000000000000000000000000000000000000000,64443047390603840000000000000000000000000000000000000000000000000000000000000000000000000000000000000000000000000000000000000000000000000000000,1171287603497142800000000000000000000000000000000000000000000000000000000000000000000000,160000000000013800000000000000000000
0.00000000000000032347482000000003,50185539051986356000000000000000000000000000000000000000000000000000000000000000000000000000000000000000000000000000000000000000000000000000000000000000000000000000000000,43814151238266330000000000000000000000000000000000000000000000000000000000000000000000000000000000000000000000000000000000000000000000000000000000000000000000000000000000,938106924804985800000000000000000000000000000000000000000000000000000000000000000000000000000000000000000000000000,117313534719999080000000000000000000000000000000000000000000000
0.00000000000000037738729,34662636449814000000000000000000000000000000000000000000000000000000000000000000000000000000000000000000000000000000000000000000000000000000000000000000000000000000000000000000000000000000000000000,39173354387090020000000000000000000000000000000000000000000000000000000000000000000000000000000000000000000000000000000000000000000000000000000000000000000000000000000000000000000000000000000000000,809210583045451000000000000000000000000000000000000000000000000000000000000000000000000000000000000000000000000000000000000000000000000000000,101194598738969880000000000000000000000000000000000000000000000000000000000000000000000000
0.00000000000000043129976,30583175914664747000000000000000000000000000000000000000000000000000000000000000000000000000000000000000000000000000000000000000000000000000000000000000000000000000000000000000000000000000000000000000000000000000000000000000,27372430344768276000000000000000000000000000000000000000000000000000000000000000000000000000000000000000000000000000000000000000000000000000000000000000000000000000000000000000000000000000000000000000000000000000000000000000,660140718477864100000000000000000000000000000000000000000000000000000000000000000000000000000000000000000000000000000000000000000000000000000000000000000000000000000000,78304634562188150000000000000000000000000000000000000000000000000000000000000000000000000000000000000000000000000000
0.00000000000000048521223,21559307423088242000000000000000000000000000000000000000000000000000000000000000000000000000000000000000000000000000000000000000000000000000000000000000000000000000000000000000000000000000000000000000000000000000000000000000000000000000000000000000000,23953888779876477000000000000000000000000000000000000000000000000000000000000000000000000000000000000000000000000000000000000000000000000000000000000000000000000000000000000000000000000000000000000000000000000000000000000000000000000000000000000000000,569437066891464250000000000000000000000000000000000000000000000000000000000000000000000000000000000000000000000000000000000000000000000000000000000000000000000000000000000000000000000000000000000,67545540187122740000000000000000000000000000000000000000000000000000000000000000000000000000000000000000000000000000000000000000000000000000000
0.0000000000000005391247,18744979436993538000000000000000000000000000000000000000000000000000000000000000000000000000000000000000000000000000000000000000000000000000000000000000000000000000000000000000000000000000000000000000000000000000000000000000000000000000000000000000000000000000000000000000000000,16962232202788189000000000000000000000000000000000000000000000000000000000000000000000000000000000000000000000000000000000000000000000000000000000000000000000000000000000000000000000000000000000000000000000000000000000000000000000000000000000000000000000000000000000000000000000,470833179602436800000000000000000000000000000000000000000000000000000000000000000000000000000000000000000000000000000000000000000000000000000000000000000000000000000000000000000000000000000000000000000000000000000000000000,53966531241157220000000000000000000000000000000000000000000000000000000000000000000000000000000000000000000000000000000000000000000000000000000000000000000000000000000000
0.00000000000000059303717,inf,inf,404214967549678000000000000000000000000000000000000000000000000000000000000000000000000000000000000000000000000000000000000000000000000000000000000000000000000000000000000000000000000000000000000000000000000000000000000000000000000000000000000000000,45727583520886616000000000000000000000000000000000000000000000000000000000000000000000000000000000000000000000000000000000000000000000000000000000000000000000000000000000000000000000000000000000000
0.0000000000000006469496400000001,inf,inf,0,37534549435265544000000000000000000000000000000000000000000000000000000000000000000000000000000000000000000000000000000000000000000000000000000000000000000000000000000000000000000000000000000000000000000000000000000000000000
0.00000000000000070086211,inf,inf,0,32377284326276186000000000000000000000000000000000000000000000000000000000000000000000000000000000000000000000000000000000000000000000000000000000000000000000000000000000000000000000000000000000000000000000000000000000000000000000000000000000000000000
0.00000000000000075477458,inf,inf,0,27085813276231170000000000000000000000000000000000000000000000000000000000000000000000000000000000000000000000000000000000000000000000000000000000000000000000000000000000000000000000000000000000000000000000000000000000000000000000000000000000000000000000000000000000000000000000
0.0000000000000008086870500000001,inf,inf,0,inf
0.00000000000000086259952,inf,inf,0,inf
0.00000000000000091651199,inf,inf,0,inf
0.00000000000000097042446,inf,inf,0,inf
0.00000000000000102433693,inf,inf,0,inf
0.0000000000000010782494,inf,inf,0,inf
0.00000000000000113216187,inf,inf,0,inf
0.00000000000000118607434,inf,inf,0,inf
0.00000000000000123998681,inf,inf,0,inf
0.0000000000000012938992800000001,inf,inf,0,inf
0.00000000000000134781175,inf,inf,0,inf
0.00000000000000140172422,inf,inf,0,inf
0.0000000000000014556366900000001,inf,inf,0,inf
0.00000000000000150954916,inf,inf,0,inf
0.00000000000000156346163,inf,inf,0,inf
0.0000000000000016173741000000001,inf,inf,0,inf
0.00000000000000167128657,inf,inf,0,inf
0.00000000000000172519904,inf,inf,0,inf
0.00000000000000177911151,inf,inf,0,inf
0.00000000000000183302398,inf,inf,0,inf
0.00000000000000188693645,inf,inf,0,inf
0.00000000000000194084892,inf,inf,0,inf
0.0000000000000019947613900000002,inf,inf,0,inf
0.00000000000000204867386,inf,inf,0,inf
0.00000000000000210258633,inf,inf,0,inf
0.0000000000000021564988,inf,inf,0,inf
0.00000000000000221041127,inf,inf,0,inf
0.00000000000000226432374,inf,inf,0,inf
0.0000000000000023182362100000003,inf,inf,0,inf
0.00000000000000237214868,inf,inf,0,inf
0.00000000000000242606115,inf,inf,0,inf
0.00000000000000247997362,inf,inf,0,inf
0.00000000000000253388609,inf,inf,0,inf
0.0000000000000025877985600000002,inf,inf,0,inf
0.0000000000000026417110300000003,inf,inf,0,inf
0.0000000000000026956235,inf,inf,0,inf
0.00000000000000274953597,inf,inf,0,inf
0.00000000000000280344844,inf,inf,0,inf
0.00000000000000285736091,inf,inf,0,inf
0.0000000000000029112733800000003,inf,inf,0,inf
0.0000000000000029651858500000003,inf,inf,0,inf
0.00000000000000301909832,inf,inf,0,inf
0.00000000000000307301079,inf,inf,0,inf
0.00000000000000312692326,inf,inf,0,inf
0.0000000000000031808357300000002,inf,inf,0,inf
0.0000000000000032347482000000003,inf,inf,0,inf
0.0000000000000032886606700000003,inf,inf,0,inf
0.00000000000000334257314,inf,inf,0,inf
0.00000000000000339648561,inf,inf,0,inf
0.00000000000000345039808,inf,inf,0,inf
0.0000000000000035043105500000002,inf,inf,0,inf
0.00000000000000355822302,inf,inf,0,inf
0.00000000000000361213549,inf,inf,0,inf
0.00000000000000366604796,inf,inf,0,inf
0.0000000000000037199604300000005,inf,inf,0,inf
0.0000000000000037738729,inf,inf,0,inf
0.00000000000000382778537,inf,inf,0,inf
0.00000000000000388169784,inf,inf,0,inf
0.00000000000000393561031,inf,inf,0,inf
0.0000000000000039895227800000005,inf,inf,0,inf
0.00000000000000404343525,inf,inf,0,inf
0.00000000000000409734772,inf,inf,0,inf
0.00000000000000415126019,inf,inf,0,inf
0.00000000000000420517266,inf,inf,0,inf
0.0000000000000042590851300000004,inf,inf,0,inf
0.0000000000000043129976,inf,inf,0,inf
0.0000000000000043669100700000006,inf,inf,0,inf
0.00000000000000442082254,inf,inf,0,inf
0.00000000000000447473501,inf,inf,0,inf
0.00000000000000452864748,inf,inf,0,inf
0.00000000000000458255995,inf,inf,0,inf
0.0000000000000046364724200000005,inf,inf,0,inf
0.00000000000000469038489,inf,inf,0,inf
0.00000000000000474429736,inf,inf,0,inf
0.00000000000000479820983,inf,inf,0,inf
0.0000000000000048521223,inf,inf,0,inf
0.0000000000000049060347700000005,inf,inf,0,inf
0.00000000000000495994724,inf,inf,0,inf
0.000000000000005013859710000001,inf,inf,0,inf
0.00000000000000506777218,inf,inf,0,inf
0.00000000000000512168465,inf,inf,0,inf
0.0000000000000051755971200000004,inf,inf,0,inf
0.00000000000000522950959,inf,inf,0,inf
0.0000000000000052834220600000006,inf,inf,0,inf
0.00000000000000533733453,inf,inf,0,inf
0.000000000000005391247,inf,inf,0,inf
0.0000000000000054451594700000004,inf,inf,0,inf
0.00000000000000549907194,inf,inf,0,inf
0.0000000000000055529844100000005,inf,inf,0,inf
0.00000000000000560689688,inf,inf,0,inf
0.00000000000000566080935,inf,inf,0,inf
0.00000000000000571472182,inf,inf,0,inf
0.00000000000000576863429,inf,inf,0,inf
0.0000000000000058225467600000005,inf,inf,0,inf
0.00000000000000587645923,inf,inf,0,inf
0.000000000000005930371700000001,inf,inf,0,inf
0.00000000000000598428417,inf,inf,0,inf
0.00000000000000603819664,inf,inf,0,inf
0.0000000000000060921091100000005,inf,inf,0,inf
0.00000000000000614602158,inf,inf,0,inf
0.0000000000000061999340500000006,inf,inf,0,inf
0.00000000000000625384652,inf,inf,0,inf
0.00000000000000630775899,inf,inf,0,inf
0.0000000000000063616714600000004,inf,inf,0,inf
0.00000000000000641558393,inf,inf,0,inf
0.0000000000000064694964000000006,inf,inf,0,inf
0.00000000000000652340887,inf,inf,0,inf
0.000000000000006577321340000001,inf,inf,0,inf
0.00000000000000663123381,inf,inf,0,inf
0.00000000000000668514628,inf,inf,0,inf
0.0000000000000067390587500000005,inf,inf,0,inf
0.00000000000000679297122,inf,inf,0,inf
0.000000000000006846883690000001,inf,inf,0,inf
0.00000000000000690079616,inf,inf,0,inf
0.00000000000000695470863,inf,inf,0,inf
0.0000000000000070086211000000005,inf,inf,0,inf
0.00000000000000706253357,inf,inf,0,inf
0.00000000000000711644604,inf,inf,0,inf
0.000000000000007170358510000001,inf,inf,0,inf
0.00000000000000722427098,inf,inf,0,inf
0.00000000000000727818345,inf,inf,0,inf
0.00000000000000733209592,inf,inf,0,inf
0.00000000000000738600839,inf,inf,0,inf
0.000000000000007439920860000001,inf,inf,0,inf
0.00000000000000749383333,inf,inf,0,inf
0.0000000000000075477458,inf,inf,0,inf
0.00000000000000760165827,inf,inf,0,inf
0.00000000000000765557074,inf,inf,0,inf
0.000000000000007709483210000001,inf,inf,0,inf
0.00000000000000776339568,inf,inf,0,inf
0.00000000000000781730815,inf,inf,0,inf
0.00000000000000787122062,inf,inf,0,inf
0.00000000000000792513309,inf,inf,0,inf
0.000000000000007979045560000001,inf,inf,0,inf
0.00000000000000803295803,inf,inf,0,inf
0.0000000000000080868705,inf,inf,0,inf
0.00000000000000814078297,inf,inf,0,inf
0.00000000000000819469544,inf,inf,0,inf
0.000000000000008248607910000001,inf,inf,0,inf
0.00000000000000830252038,inf,inf,0,inf
0.00000000000000835643285,inf,inf,0,inf
0.00000000000000841034532,inf,inf,0,inf
0.000000000000008464257790000001,inf,inf,0,inf
0.000000000000008518170260000001,inf,inf,0,inf
0.00000000000000857208273,inf,inf,0,inf
0.0000000000000086259952,inf,inf,0,inf
0.00000000000000867990767,inf,inf,0,inf
0.000000000000008733820140000001,inf,inf,0,inf
0.000000000000008787732610000001,inf,inf,0,inf
0.00000000000000884164508,inf,inf,0,inf
0.00000000000000889555755,inf,inf,0,inf
0.00000000000000894947002,inf,inf,0,inf
0.000000000000009003382490000001,inf,inf,0,inf
0.00000000000000905729496,inf,inf,0,inf
0.00000000000000911120743,inf,inf,0,inf
0.0000000000000091651199,inf,inf,0,inf
0.00000000000000921903237,inf,inf,0,inf
0.000000000000009272944840000001,inf,inf,0,inf
0.00000000000000932685731,inf,inf,0,inf
0.00000000000000938076978,inf,inf,0,inf
0.00000000000000943468225,inf,inf,0,inf
0.00000000000000948859472,inf,inf,0,inf
0.000000000000009542507190000001,inf,inf,0,inf
0.00000000000000959641966,inf,inf,0,inf
0.00000000000000965033213,inf,inf,0,inf
0.0000000000000097042446,inf,inf,0,inf
0.00000000000000975815707,inf,inf,0,inf
0.000000000000009812069540000001,inf,inf,0,inf
0.00000000000000986598201,inf,inf,0,inf
0.00000000000000991989448,inf,inf,0,inf
0.00000000000000997380695,inf,inf,0,inf
0.000000000000010027719420000001,inf,inf,0,inf
0.000000000000010081631890000001,inf,inf,0,inf
0.00000000000001013554436,inf,inf,0,inf
0.00000000000001018945683,inf,inf,0,inf
0.0000000000000102433693,inf,inf,0,inf
0.000000000000010297281770000001,inf,inf,0,inf
0.000000000000010351194240000001,inf,inf,0,inf
0.00000000000001040510671,inf,inf,0,inf
0.00000000000001045901918,inf,inf,0,inf
0.00000000000001051293165,inf,inf,0,inf
0.000000000000010566844120000001,inf,inf,0,inf
0.000000000000010620756590000001,inf,inf,0,inf
0.00000000000001067466906,inf,inf,0,inf
0.00000000000001072858153,inf,inf,0,inf
0.000000000000010782494,inf,inf,0,inf
0.000000000000010836406470000001,inf,inf,0,inf
0.000000000000010890318940000001,inf,inf,0,inf
0.00000000000001094423141,inf,inf,0,inf
0.00000000000001099814388,inf,inf,0,inf
0.00000000000001105205635,inf,inf,0,inf
0.000000000000011105968820000001,inf,inf,0,inf
0.00000000000001115988129,inf,inf,0,inf
0.00000000000001121379376,inf,inf,0,inf
0.00000000000001126770623,inf,inf,0,inf
0.0000000000000113216187,inf,inf,0,inf
0.000000000000011375531170000001,inf,inf,0,inf
0.00000000000001142944364,inf,inf,0,inf
0.00000000000001148335611,inf,inf,0,inf
0.00000000000001153726858,inf,inf,0,inf
0.000000000000011591181050000001,inf,inf,0,inf
0.000000000000011645093520000001,inf,inf,0,inf
0.00000000000001169900599,inf,inf,0,inf
0.00000000000001175291846,inf,inf,0,inf
0.00000000000001180683093,inf,inf,0,inf
0.000000000000011860743400000001,inf,inf,0,inf
0.000000000000011914655870000001,inf,inf,0,inf
0.00000000000001196856834,inf,inf,0,inf
0.00000000000001202248081,inf,inf,0,inf
0.00000000000001207639328,inf,inf,0,inf
0.000000000000012130305750000001,inf,inf,0,inf
0.000000000000012184218220000001,inf,inf,0,inf
0.00000000000001223813069,inf,inf,0,inf
0.00000000000001229204316,inf,inf,0,inf
0.00000000000001234595563,inf,inf,0,inf
0.000000000000012399868100000001,inf,inf,0,inf
0.000000000000012453780570000001,inf,inf,0,inf
0.00000000000001250769304,inf,inf,0,inf
0.00000000000001256160551,inf,inf,0,inf
0.00000000000001261551798,inf,inf,0,inf
0.000000000000012669430450000001,inf,inf,0,inf
0.000000000000012723342920000001,inf,inf,0,inf
0.00000000000001277725539,inf,inf,0,inf
0.00000000000001283116786,inf,inf,0,inf
0.00000000000001288508033,inf,inf,0,inf
0.000000000000012938992800000001,inf,inf,0,inf
0.000000000000012992905270000001,inf,inf,0,inf
0.00000000000001304681774,inf,inf,0,inf
0.00000000000001310073021,inf,inf,0,inf
0.000000000000013154642680000001,inf,inf,0,inf
0.000000000000013208555150000001,inf,inf,0,inf
0.00000000000001326246762,inf,inf,0,inf
0.00000000000001331638009,inf,inf,0,inf
0.00000000000001337029256,inf,inf,0,inf
0.000000000000013424205030000001,inf,inf,0,inf
0.000000000000013478117500000001,inf,inf,0,inf
0.00000000000001353202997,inf,inf,0,inf
0.00000000000001358594244,inf,inf,0,inf
0.00000000000001363985491,inf,inf,0,inf
0.000000000000013693767380000001,inf,inf,0,inf
0.000000000000013747679850000001,inf,inf,0,inf
0.00000000000001380159232,inf,inf,0,inf
0.00000000000001385550479,inf,inf,0,inf
0.00000000000001390941726,inf,inf,0,inf
0.000000000000013963329730000001,inf,inf,0,inf
0.000000000000014017242200000001,inf,inf,0,inf
0.00000000000001407115467,inf,inf,0,inf
0.00000000000001412506714,inf,inf,0,inf
0.00000000000001417897961,inf,inf,0,inf
0.00000000000001423289208,inf,inf,0,inf
0.00000000000001428680455,inf,inf,0,inf
0.000000000000014340717020000002,inf,inf,0,inf
0.00000000000001439462949,inf,inf,0,inf
0.00000000000001444854196,inf,inf,0,inf
0.00000000000001450245443,inf,inf,0,inf
0.0000000000000145563669,inf,inf,0,inf
0.000000000000014610279370000002,inf,inf,0,inf
0.00000000000001466419184,inf,inf,0,inf
0.00000000000001471810431,inf,inf,0,inf
0.00000000000001477201678,inf,inf,0,inf
0.00000000000001482592925,inf,inf,0,inf
0.000000000000014879841720000002,inf,inf,0,inf
0.00000000000001493375419,inf,inf,0,inf
0.00000000000001498766666,inf,inf,0,inf
0.00000000000001504157913,inf,inf,0,inf
0.0000000000000150954916,inf,inf,0,inf
0.000000000000015149404070000002,inf,inf,0,inf
0.00000000000001520331654,inf,inf,0,inf
0.00000000000001525722901,inf,inf,0,inf
0.00000000000001531114148,inf,inf,0,inf
0.00000000000001536505395,inf,inf,0,inf
0.000000000000015418966420000002,inf,inf,0,inf
0.00000000000001547287889,inf,inf,0,inf
0.00000000000001552679136,inf,inf,0,inf
0.00000000000001558070383,inf,inf,0,inf
0.0000000000000156346163,inf,inf,0,inf
0.000000000000015688528770000002,inf,inf,0,inf
0.00000000000001574244124,inf,inf,0,inf
0.00000000000001579635371,inf,inf,0,inf
0.00000000000001585026618,inf,inf,0,inf
0.00000000000001590417865,inf,inf,0,inf
0.000000000000015958091120000002,inf,inf,0,inf
0.00000000000001601200359,inf,inf,0,inf
0.00000000000001606591606,inf,inf,0,inf
0.00000000000001611982853,inf,inf,0,inf
0.000000000000016173741,inf,inf,0,inf
0.000000000000016227653470000002,inf,inf,0,inf
0.00000000000001628156594,inf,inf,0,inf
0.00000000000001633547841,inf,inf,0,inf
0.00000000000001638939088,inf,inf,0,inf
0.00000000000001644330335,inf,inf,0,inf
0.000000000000016497215820000002,inf,inf,0,inf
0.00000000000001655112829,inf,inf,0,inf
0.00000000000001660504076,inf,inf,0,inf
0.00000000000001665895323,inf,inf,0,inf
0.0000000000000167128657,inf,inf,0,inf
0.000000000000016766778170000002,inf,inf,0,inf
0.00000000000001682069064,inf,inf,0,inf
0.00000000000001687460311,inf,inf,0,inf
0.000000000000016928515580000002,inf,inf,0,inf
0.00000000000001698242805,inf,inf,0,inf
0.000000000000017036340520000002,inf,inf,0,inf
0.00000000000001709025299,inf,inf,0,inf
0.00000000000001714416546,inf,inf,0,inf
0.000000000000017198077930000002,inf,inf,0,inf
0.0000000000000172519904,inf,inf,0,inf
0.000000000000017305902870000002,inf,inf,0,inf
0.00000000000001735981534,inf,inf,0,inf
0.00000000000001741372781,inf,inf,0,inf
0.000000000000017467640280000002,inf,inf,0,inf
0.00000000000001752155275,inf,inf,0,inf
0.000000000000017575465220000002,inf,inf,0,inf
0.00000000000001762937769,inf,inf,0,inf
0.00000000000001768329016,inf,inf,0,inf
0.000000000000017737202630000002,inf,inf,0,inf
0.0000000000000177911151,inf,inf,0,inf
0.000000000000017845027570000002,inf,inf,0,inf
0.00000000000001789894004,inf,inf,0,inf
0.00000000000001795285251,inf,inf,0,inf
0.000000000000018006764980000002,inf,inf,0,inf
0.00000000000001806067745,inf,inf,0,inf
0.00000000000001811458992,inf,inf,0,inf
0.00000000000001816850239,inf,inf,0,inf
0.00000000000001822241486,inf,inf,0,inf
0.000000000000018276327330000002,inf,inf,0,inf
0.0000000000000183302398,inf,inf,0,inf
0.00000000000001838415227,inf,inf,0,inf
0.00000000000001843806474,inf,inf,0,inf
0.00000000000001849197721,inf,inf,0,inf
0.000000000000018545889680000002,inf,inf,0,inf
0.00000000000001859980215,inf,inf,0,inf
0.00000000000001865371462,inf,inf,0,inf
0.00000000000001870762709,inf,inf,0,inf
0.00000000000001876153956,inf,inf,0,inf
0.000000000000018815452030000002,inf,inf,0,inf
0.0000000000000188693645,inf,inf,0,inf
0.00000000000001892327697,inf,inf,0,inf
0.00000000000001897718944,inf,inf,0,inf
0.00000000000001903110191,inf,inf,0,inf
0.000000000000019085014380000002,inf,inf,0,inf
0.00000000000001913892685,inf,inf,0,inf
0.00000000000001919283932,inf,inf,0,inf
0.00000000000001924675179,inf,inf,0,inf
0.00000000000001930066426,inf,inf,0,inf
0.000000000000019354576730000002,inf,inf,0,inf
0.0000000000000194084892,inf,inf,0,inf
0.00000000000001946240167,inf,inf,0,inf
0.00000000000001951631414,inf,inf,0,inf
0.00000000000001957022661,inf,inf,0,inf
0.000000000000019624139080000002,inf,inf,0,inf
0.00000000000001967805155,inf,inf,0,inf
0.00000000000001973196402,inf,inf,0,inf
0.00000000000001978587649,inf,inf,0,inf
0.00000000000001983978896,inf,inf,0,inf
0.000000000000019893701430000002,inf,inf,0,inf
0.0000000000000199476139,inf,inf,0,inf
0.00000000000002000152637,inf,inf,0,inf
0.000000000000020055438840000003,inf,inf,0,inf
0.00000000000002010935131,inf,inf,0,inf
0.000000000000020163263780000002,inf,inf,0,inf
0.00000000000002021717625,inf,inf,0,inf
0.00000000000002027108872,inf,inf,0,inf
0.000000000000020325001190000002,inf,inf,0,inf
0.00000000000002037891366,inf,inf,0,inf
0.000000000000020432826130000002,inf,inf,0,inf
0.0000000000000204867386,inf,inf,0,inf
0.00000000000002054065107,inf,inf,0,inf
0.000000000000020594563540000002,inf,inf,0,inf
0.00000000000002064847601,inf,inf,0,inf
0.000000000000020702388480000002,inf,inf,0,inf
0.00000000000002075630095,inf,inf,0,inf
0.00000000000002081021342,inf,inf,0,inf
0.000000000000020864125890000002,inf,inf,0,inf
0.00000000000002091803836,inf,inf,0,inf
0.000000000000020971950830000002,inf,inf,0,inf
0.0000000000000210258633,inf,inf,0,inf
0.00000000000002107977577,inf,inf,0,inf
0.000000000000021133688240000002,inf,inf,0,inf
0.00000000000002118760071,inf,inf,0,inf
0.000000000000021241513180000002,inf,inf,0,inf
0.00000000000002129542565,inf,inf,0,inf
0.00000000000002134933812,inf,inf,0,inf
0.000000000000021403250590000002,inf,inf,0,inf
0.00000000000002145716306,inf,inf,0,inf
0.000000000000021511075530000002,inf,inf,0,inf
0.000000000000021564988,inf,inf,0,inf
0.00000000000002161890047,inf,inf,0,inf
0.000000000000021672812940000002,inf,inf,0,inf
0.00000000000002172672541,inf,inf,0,inf
0.000000000000021780637880000002,inf,inf,0,inf
0.00000000000002183455035,inf,inf,0,inf
0.00000000000002188846282,inf,inf,0,inf
0.000000000000021942375290000002,inf,inf,0,inf
0.00000000000002199628776,inf,inf,0,inf
0.00000000000002205020023,inf,inf,0,inf
0.0000000000000221041127,inf,inf,0,inf
0.00000000000002215802517,inf,inf,0,inf
0.000000000000022211937640000002,inf,inf,0,inf
0.00000000000002226585011,inf,inf,0,inf
0.00000000000002231976258,inf,inf,0,inf
0.00000000000002237367505,inf,inf,0,inf
0.00000000000002242758752,inf,inf,0,inf
0.000000000000022481499990000002,inf,inf,0,inf
0.00000000000002253541246,inf,inf,0,inf
0.00000000000002258932493,inf,inf,0,inf
0.0000000000000226432374,inf,inf,0,inf
0.00000000000002269714987,inf,inf,0,inf
0.000000000000022751062340000002,inf,inf,0,inf
0.00000000000002280497481,inf,inf,0,inf
0.00000000000002285888728,inf,inf,0,inf
0.00000000000002291279975,inf,inf,0,inf
0.00000000000002296671222,inf,inf,0,inf
0.000000000000023020624690000002,inf,inf,0,inf
0.00000000000002307453716,inf,inf,0,inf
0.00000000000002312844963,inf,inf,0,inf
0.000000000000023182362100000003,inf,inf,0,inf
0.00000000000002323627457,inf,inf,0,inf
0.000000000000023290187040000002,inf,inf,0,inf
0.00000000000002334409951,inf,inf,0,inf
0.00000000000002339801198,inf,inf,0,inf
0.000000000000023451924450000003,inf,inf,0,inf
0.00000000000002350583692,inf,inf,0,inf
0.000000000000023559749390000002,inf,inf,0,inf
0.00000000000002361366186,inf,inf,0,inf
0.00000000000002366757433,inf,inf,0,inf
0.000000000000023721486800000003,inf,inf,0,inf
0.00000000000002377539927,inf,inf,0,inf
0.000000000000023829311740000002,inf,inf,0,inf
0.00000000000002388322421,inf,inf,0,inf
0.00000000000002393713668,inf,inf,0,inf
0.000000000000023991049150000003,inf,inf,0,inf
0.00000000000002404496162,inf,inf,0,inf
0.000000000000024098874090000002,inf,inf,0,inf
0.00000000000002415278656,inf,inf,0,inf
0.00000000000002420669903,inf,inf,0,inf
0.000000000000024260611500000002,inf,inf,0,inf
0.00000000000002431452397,inf,inf,0,inf
0.000000000000024368436440000002,inf,inf,0,inf
0.00000000000002442234891,inf,inf,0,inf
0.00000000000002447626138,inf,inf,0,inf
0.000000000000024530173850000002,inf,inf,0,inf
0.00000000000002458408632,inf,inf,0,inf
0.000000000000024637998790000002,inf,inf,0,inf
0.00000000000002469191126,inf,inf,0,inf
0.00000000000002474582373,inf,inf,0,inf
0.000000000000024799736200000002,inf,inf,0,inf
0.00000000000002485364867,inf,inf,0,inf
0.000000000000024907561140000002,inf,inf,0,inf
0.00000000000002496147361,inf,inf,0,inf
0.00000000000002501538608,inf,inf,0,inf
0.000000000000025069298550000002,inf,inf,0,inf
0.00000000000002512321102,inf,inf,0,inf
0.000000000000025177123490000002,inf,inf,0,inf
0.00000000000002523103596,inf,inf,0,inf
0.00000000000002528494843,inf,inf,0,inf
0.000000000000025338860900000002,inf,inf,0,inf
0.00000000000002539277337,inf,inf,0,inf
0.000000000000025446685840000002,inf,inf,0,inf
0.00000000000002550059831,inf,inf,0,inf
0.00000000000002555451078,inf,inf,0,inf
0.000000000000025608423250000002,inf,inf,0,inf
0.00000000000002566233572,inf,inf,0,inf
0.000000000000025716248190000002,inf,inf,0,inf
0.00000000000002577016066,inf,inf,0,inf
0.00000000000002582407313,inf,inf,0,inf
0.000000000000025877985600000002,inf,inf,0,inf
0.00000000000002593189807,inf,inf,0,inf
0.000000000000025985810540000002,inf,inf,0,inf
0.00000000000002603972301,inf,inf,0,inf
0.00000000000002609363548,inf,inf,0,inf
0.000000000000026147547950000002,inf,inf,0,inf
0.00000000000002620146042,inf,inf,0,inf
0.00000000000002625537289,inf,inf,0,inf
0.000000000000026309285360000003,inf,inf,0,inf
0.00000000000002636319783,inf,inf,0,inf
0.000000000000026417110300000002,inf,inf,0,inf
0.00000000000002647102277,inf,inf,0,inf
0.00000000000002652493524,inf,inf,0,inf
0.000000000000026578847710000003,inf,inf,0,inf
0.00000000000002663276018,inf,inf,0,inf
0.000000000000026686672650000002,inf,inf,0,inf
0.00000000000002674058512,inf,inf,0,inf
0.00000000000002679449759,inf,inf,0,inf
0.000000000000026848410060000003,inf,inf,0,inf
0.00000000000002690232253,inf,inf,0,inf
0.000000000000026956235000000002,inf,inf,0,inf
0.00000000000002701014747,inf,inf,0,inf
0.00000000000002706405994,inf,inf,0,inf
0.000000000000027117972410000003,inf,inf,0,inf
0.00000000000002717188488,inf,inf,0,inf
0.000000000000027225797350000002,inf,inf,0,inf
0.00000000000002727970982,inf,inf,0,inf
0.00000000000002733362229,inf,inf,0,inf
0.000000000000027387534760000003,inf,inf,0,inf
0.00000000000002744144723,inf,inf,0,inf
0.000000000000027495359700000002,inf,inf,0,inf
0.00000000000002754927217,inf,inf,0,inf
0.00000000000002760318464,inf,inf,0,inf
0.000000000000027657097110000003,inf,inf,0,inf
0.00000000000002771100958,inf,inf,0,inf
0.000000000000027764922050000002,inf,inf,0,inf
0.00000000000002781883452,inf,inf,0,inf
0.00000000000002787274699,inf,inf,0,inf
0.000000000000027926659460000003,inf,inf,0,inf
0.00000000000002798057193,inf,inf,0,inf
0.000000000000028034484400000002,inf,inf,0,inf
0.00000000000002808839687,inf,inf,0,inf
0.00000000000002814230934,inf,inf,0,inf
0.000000000000028196221810000003,inf,inf,0,inf
0.00000000000002825013428,inf,inf,0,inf
0.000000000000028304046750000002,inf,inf,0,inf
0.00000000000002835795922,inf,inf,0,inf
0.00000000000002841187169,inf,inf,0,inf
0.00000000000002846578416,inf,inf,0,inf
0.00000000000002851969663,inf,inf,0,inf
0.0000000000000285736091,inf,inf,0,inf
0.00000000000002862752157,inf,inf,0,inf
0.000000000000028681434040000004,inf,inf,0,inf
0.00000000000002873534651,inf,inf,0,inf
0.00000000000002878925898,inf,inf,0,inf
0.00000000000002884317145,inf,inf,0,inf
0.00000000000002889708392,inf,inf,0,inf
0.000000000000028950996390000004,inf,inf,0,inf
0.00000000000002900490886,inf,inf,0,inf
0.00000000000002905882133,inf,inf,0,inf
0.0000000000000291127338,inf,inf,0,inf
0.00000000000002916664627,inf,inf,0,inf
0.000000000000029220558740000004,inf,inf,0,inf
0.00000000000002927447121,inf,inf,0,inf
0.00000000000002932838368,inf,inf,0,inf
0.00000000000002938229615,inf,inf,0,inf
0.00000000000002943620862,inf,inf,0,inf
0.000000000000029490121090000004,inf,inf,0,inf
0.00000000000002954403356,inf,inf,0,inf
0.00000000000002959794603,inf,inf,0,inf
0.0000000000000296518585,inf,inf,0,inf
0.00000000000002970577097,inf,inf,0,inf
0.000000000000029759683440000004,inf,inf,0,inf
0.00000000000002981359591,inf,inf,0,inf
0.00000000000002986750838,inf,inf,0,inf
0.00000000000002992142085,inf,inf,0,inf
0.00000000000002997533332,inf,inf,0,inf
0.000000000000030029245790000004,inf,inf,0,inf
0.00000000000003008315826,inf,inf,0,inf
0.00000000000003013707073,inf,inf,0,inf
0.0000000000000301909832,inf,inf,0,inf
0.00000000000003024489567,inf,inf,0,inf
0.000000000000030298808140000004,inf,inf,0,inf
0.00000000000003035272061,inf,inf,0,inf
0.00000000000003040663308,inf,inf,0,inf
0.00000000000003046054555,inf,inf,0,inf
0.00000000000003051445802,inf,inf,0,inf
0.000000000000030568370490000004,inf,inf,0,inf
0.00000000000003062228296,inf,inf,0,inf
0.00000000000003067619543,inf,inf,0,inf
0.0000000000000307301079,inf,inf,0,inf
0.00000000000003078402037,inf,inf,0,inf
0.000000000000030837932840000004,inf,inf,0,inf
0.00000000000003089184531,inf,inf,0,inf
0.00000000000003094575778,inf,inf,0,inf
0.00000000000003099967025,inf,inf,0,inf
0.00000000000003105358272,inf,inf,0,inf
0.000000000000031107495190000004,inf,inf,0,inf
0.00000000000003116140766,inf,inf,0,inf
0.00000000000003121532013,inf,inf,0,inf
0.0000000000000312692326,inf,inf,0,inf
0.00000000000003132314507,inf,inf,0,inf
0.000000000000031377057540000004,inf,inf,0,inf
0.00000000000003143097001,inf,inf,0,inf
0.00000000000003148488248,inf,inf,0,inf
0.00000000000003153879495,inf,inf,0,inf
0.00000000000003159270742,inf,inf,0,inf
0.000000000000031646619890000004,inf,inf,0,inf
0.00000000000003170053236,inf,inf,0,inf
0.00000000000003175444483,inf,inf,0,inf
0.0000000000000318083573,inf,inf,0,inf
0.00000000000003186226977,inf,inf,0,inf
0.000000000000031916182240000004,inf,inf,0,inf
0.00000000000003197009471,inf,inf,0,inf
0.00000000000003202400718,inf,inf,0,inf
0.00000000000003207791965,inf,inf,0,inf
0.00000000000003213183212,inf,inf,0,inf
0.000000000000032185744590000004,inf,inf,0,inf
0.00000000000003223965706,inf,inf,0,inf
0.00000000000003229356953,inf,inf,0,inf
0.000000000000032347482,inf,inf,0,inf
0.00000000000003240139447,inf,inf,0,inf
0.000000000000032455306940000004,inf,inf,0,inf
0.00000000000003250921941,inf,inf,0,inf
0.00000000000003256313188,inf,inf,0,inf
0.00000000000003261704435,inf,inf,0,inf
0.00000000000003267095682,inf,inf,0,inf
0.000000000000032724869290000004,inf,inf,0,inf
0.00000000000003277878176,inf,inf,0,inf
0.00000000000003283269423,inf,inf,0,inf
0.0000000000000328866067,inf,inf,0,inf
0.00000000000003294051917,inf,inf,0,inf
0.000000000000032994431640000004,inf,inf,0,inf
0.00000000000003304834411,inf,inf,0,inf
0.00000000000003310225658,inf,inf,0,inf
0.00000000000003315616905,inf,inf,0,inf
0.00000000000003321008152,inf,inf,0,inf
0.000000000000033263993990000004,inf,inf,0,inf
0.00000000000003331790646,inf,inf,0,inf
0.00000000000003337181893,inf,inf,0,inf
0.0000000000000334257314,inf,inf,0,inf
0.00000000000003347964387,inf,inf,0,inf
0.000000000000033533556340000004,inf,inf,0,inf
0.00000000000003358746881,inf,inf,0,inf
0.00000000000003364138128,inf,inf,0,inf
0.00000000000003369529375,inf,inf,0,inf
0.00000000000003374920622,inf,inf,0,inf
0.000000000000033803118690000004,inf,inf,0,inf
0.000000000000033857031160000005,inf,inf,0,inf
0.00000000000003391094363,inf,inf,0,inf
0.0000000000000339648561,inf,inf,0,inf
0.00000000000003401876857,inf,inf,0,inf
0.000000000000034072681040000003,inf,inf,0,inf
0.000000000000034126593510000005,inf,inf,0,inf
0.00000000000003418050598,inf,inf,0,inf
0.00000000000003423441845,inf,inf,0,inf
0.00000000000003428833092,inf,inf,0,inf
0.000000000000034342243390000003,inf,inf,0,inf
0.000000000000034396155860000005,inf,inf,0,inf
0.00000000000003445006833,inf,inf,0,inf
0.0000000000000345039808,inf,inf,0,inf
0.00000000000003455789327,inf,inf,0,inf
0.000000000000034611805740000003,inf,inf,0,inf
0.000000000000034665718210000005,inf,inf,0,inf
0.00000000000003471963068,inf,inf,0,inf
0.00000000000003477354315,inf,inf,0,inf
0.00000000000003482745562,inf,inf,0,inf
0.000000000000034881368090000003,inf,inf,0,inf
0.000000000000034935280560000005,inf,inf,0,inf
0.00000000000003498919303,inf,inf,0,inf
0.0000000000000350431055,inf,inf,0,inf
0.00000000000003509701797,inf,inf,0,inf
0.000000000000035150930440000003,inf,inf,0,inf
0.000000000000035204842910000005,inf,inf,0,inf
0.00000000000003525875538,inf,inf,0,inf
0.00000000000003531266785,inf,inf,0,inf
0.00000000000003536658032,inf,inf,0,inf
0.000000000000035420492790000003,inf,inf,0,inf
0.000000000000035474405260000005,inf,inf,0,inf
0.00000000000003552831773,inf,inf,0,inf
0.0000000000000355822302,inf,inf,0,inf
0.00000000000003563614267,inf,inf,0,inf
0.000000000000035690055140000003,inf,inf,0,inf
0.000000000000035743967610000004,inf,inf,0,inf
0.00000000000003579788008,inf,inf,0,inf
0.00000000000003585179255,inf,inf,0,inf
0.00000000000003590570502,inf,inf,0,inf
0.000000000000035959617490000003,inf,inf,0,inf
0.000000000000036013529960000004,inf,inf,0,inf
0.00000000000003606744243,inf,inf,0,inf
0.0000000000000361213549,inf,inf,0,inf
0.00000000000003617526737,inf,inf,0,inf
0.00000000000003622917984,inf,inf,0,inf
0.000000000000036283092310000004,inf,inf,0,inf
0.00000000000003633700478,inf,inf,0,inf
0.00000000000003639091725,inf,inf,0,inf
0.00000000000003644482972,inf,inf,0,inf
0.00000000000003649874219,inf,inf,0,inf
0.000000000000036552654660000004,inf,inf,0,inf
0.00000000000003660656713,inf,inf,0,inf
0.0000000000000366604796,inf,inf,0,inf
0.00000000000003671439207,inf,inf,0,inf
0.00000000000003676830454,inf,inf,0,inf
0.000000000000036822217010000004,inf,inf,0,inf
0.00000000000003687612948,inf,inf,0,inf
0.00000000000003693004195,inf,inf,0,inf
0.00000000000003698395442,inf,inf,0,inf
0.00000000000003703786689,inf,inf,0,inf
0.000000000000037091779360000004,inf,inf,0,inf
0.00000000000003714569183,inf,inf,0,inf
0.0000000000000371996043,inf,inf,0,inf
0.00000000000003725351677,inf,inf,0,inf
0.00000000000003730742924,inf,inf,0,inf
0.000000000000037361341710000004,inf,inf,0,inf
0.00000000000003741525418,inf,inf,0,inf
0.00000000000003746916665,inf,inf,0,inf
0.00000000000003752307912,inf,inf,0,inf
0.00000000000003757699159,inf,inf,0,inf
0.000000000000037630904060000004,inf,inf,0,inf
0.00000000000003768481653,inf,inf,0,inf
0.000000000000037738729,inf,inf,0,inf
0.00000000000003779264147,inf,inf,0,inf
0.00000000000003784655394,inf,inf,0,inf
0.000000000000037900466410000004,inf,inf,0,inf
0.00000000000003795437888,inf,inf,0,inf
0.00000000000003800829135,inf,inf,0,inf
0.00000000000003806220382,inf,inf,0,inf
0.00000000000003811611629,inf,inf,0,inf
0.000000000000038170028760000004,inf,inf,0,inf
0.00000000000003822394123,inf,inf,0,inf
0.0000000000000382778537,inf,inf,0,inf
0.00000000000003833176617,inf,inf,0,inf
0.00000000000003838567864,inf,inf,0,inf
0.000000000000038439591110000004,inf,inf,0,inf
0.00000000000003849350358,inf,inf,0,inf
0.00000000000003854741605,inf,inf,0,inf
0.00000000000003860132852,inf,inf,0,inf
0.00000000000003865524099,inf,inf,0,inf
0.000000000000038709153460000004,inf,inf,0,inf
0.00000000000003876306593,inf,inf,0,inf
0.0000000000000388169784,inf,inf,0,inf
0.00000000000003887089087,inf,inf,0,inf
0.00000000000003892480334,inf,inf,0,inf
0.000000000000038978715810000004,inf,inf,0,inf
0.00000000000003903262828,inf,inf,0,inf
0.00000000000003908654075,inf,inf,0,inf
0.00000000000003914045322,inf,inf,0,inf
0.00000000000003919436569,inf,inf,0,inf
0.000000000000039248278160000004,inf,inf,0,inf
0.00000000000003930219063,inf,inf,0,inf
0.0000000000000393561031,inf,inf,0,inf
0.00000000000003941001557,inf,inf,0,inf
0.00000000000003946392804,inf,inf,0,inf
0.000000000000039517840510000004,inf,inf,0,inf
0.00000000000003957175298,inf,inf,0,inf
0.00000000000003962566545,inf,inf,0,inf
0.00000000000003967957792,inf,inf,0,inf
0.00000000000003973349039,inf,inf,0,inf
0.000000000000039787402860000004,inf,inf,0,inf
0.00000000000003984131533,inf,inf,0,inf
0.0000000000000398952278,inf,inf,0,inf
0.00000000000003994914027,inf,inf,0,inf
0.00000000000004000305274,inf,inf,0,inf
0.000000000000040056965210000004,inf,inf,0,inf
0.000000000000040110877680000005,inf,inf,0,inf
0.00000000000004016479015,inf,inf,0,inf
0.00000000000004021870262,inf,inf,0,inf
0.00000000000004027261509,inf,inf,0,inf
0.000000000000040326527560000004,inf,inf,0,inf
0.000000000000040380440030000005,inf,inf,0,inf
0.0000000000000404343525,inf,inf,0,inf
0.00000000000004048826497,inf,inf,0,inf
0.00000000000004054217744,inf,inf,0,inf
0.000000000000040596089910000004,inf,inf,0,inf
0.000000000000040650002380000005,inf,inf,0,inf
0.00000000000004070391485,inf,inf,0,inf
0.00000000000004075782732,inf,inf,0,inf
0.00000000000004081173979,inf,inf,0,inf
0.000000000000040865652260000004,inf,inf,0,inf
0.000000000000040919564730000005,inf,inf,0,inf
0.0000000000000409734772,inf,inf,0,inf
0.00000000000004102738967,inf,inf,0,inf
0.00000000000004108130214,inf,inf,0,inf
0.000000000000041135214610000004,inf,inf,0,inf
0.000000000000041189127080000005,inf,inf,0,inf
0.00000000000004124303955,inf,inf,0,inf
0.00000000000004129695202,inf,inf,0,inf
0.00000000000004135086449,inf,inf,0,inf
0.000000000000041404776960000004,inf,inf,0,inf
0.000000000000041458689430000005,inf,inf,0,inf
0.0000000000000415126019,inf,inf,0,inf
0.00000000000004156651437,inf,inf,0,inf
0.00000000000004162042684,inf,inf,0,inf
0.000000000000041674339310000004,inf,inf,0,inf
0.000000000000041728251780000005,inf,inf,0,inf
0.00000000000004178216425,inf,inf,0,inf
0.00000000000004183607672,inf,inf,0,inf
0.00000000000004188998919,inf,inf,0,inf
0.000000000000041943901660000003,inf,inf,0,inf
0.000000000000041997814130000005,inf,inf,0,inf
0.0000000000000420517266,inf,inf,0,inf
0.00000000000004210563907,inf,inf,0,inf
0.00000000000004215955154,inf,inf,0,inf
0.000000000000042213464010000003,inf,inf,0,inf
0.000000000000042267376480000005,inf,inf,0,inf
0.00000000000004232128895,inf,inf,0,inf
0.00000000000004237520142,inf,inf,0,inf
0.00000000000004242911389,inf,inf,0,inf
0.000000000000042483026360000003,inf,inf,0,inf
0.000000000000042536938830000005,inf,inf,0,inf
0.0000000000000425908513,inf,inf,0,inf
0.00000000000004264476377,inf,inf,0,inf
0.00000000000004269867624,inf,inf,0,inf
0.000000000000042752588710000003,inf,inf,0,inf
0.000000000000042806501180000005,inf,inf,0,inf
0.00000000000004286041365,inf,inf,0,inf
0.00000000000004291432612,inf,inf,0,inf
0.00000000000004296823859,inf,inf,0,inf
0.000000000000043022151060000003,inf,inf,0,inf
0.000000000000043076063530000005,inf,inf,0,inf
0.000000000000043129976,inf,inf,0,inf
0.00000000000004318388847,inf,inf,0,inf
0.00000000000004323780094,inf,inf,0,inf
0.000000000000043291713410000003,inf,inf,0,inf
0.000000000000043345625880000005,inf,inf,0,inf
0.00000000000004339953835,inf,inf,0,inf
0.00000000000004345345082,inf,inf,0,inf
0.00000000000004350736329,inf,inf,0,inf
0.000000000000043561275760000003,inf,inf,0,inf
0.000000000000043615188230000004,inf,inf,0,inf
0.0000000000000436691007,inf,inf,0,inf
0.00000000000004372301317,inf,inf,0,inf
0.00000000000004377692564,inf,inf,0,inf
0.000000000000043830838110000003,inf,inf,0,inf
0.000000000000043884750580000004,inf,inf,0,inf
0.00000000000004393866305,inf,inf,0,inf
0.00000000000004399257552,inf,inf,0,inf
0.00000000000004404648799,inf,inf,0,inf
0.00000000000004410040046,inf,inf,0,inf
0.000000000000044154312930000004,inf,inf,0,inf
0.0000000000000442082254,inf,inf,0,inf
0.00000000000004426213787,inf,inf,0,inf
0.00000000000004431605034,inf,inf,0,inf
0.00000000000004436996281,inf,inf,0,inf
0.000000000000044423875280000004,inf,inf,0,inf
0.00000000000004447778775,inf,inf,0,inf
0.00000000000004453170022,inf,inf,0,inf
0.00000000000004458561269,inf,inf,0,inf
0.00000000000004463952516,inf,inf,0,inf
0.000000000000044693437630000004,inf,inf,0,inf
0.0000000000000447473501,inf,inf,0,inf
0.00000000000004480126257,inf,inf,0,inf
0.00000000000004485517504,inf,inf,0,inf
0.00000000000004490908751,inf,inf,0,inf
0.000000000000044962999980000004,inf,inf,0,inf
0.00000000000004501691245,inf,inf,0,inf
0.00000000000004507082492,inf,inf,0,inf
0.00000000000004512473739,inf,inf,0,inf
0.00000000000004517864986,inf,inf,0,inf
0.000000000000045232562330000004,inf,inf,0,inf
0.0000000000000452864748,inf,inf,0,inf
0.00000000000004534038727,inf,inf,0,inf
0.00000000000004539429974,inf,inf,0,inf
0.00000000000004544821221,inf,inf,0,inf
0.000000000000045502124680000004,inf,inf,0,inf
0.00000000000004555603715,inf,inf,0,inf
0.00000000000004560994962,inf,inf,0,inf
0.00000000000004566386209,inf,inf,0,inf
0.00000000000004571777456,inf,inf,0,inf
0.000000000000045771687030000004,inf,inf,0,inf
0.0000000000000458255995,inf,inf,0,inf
0.00000000000004587951197,inf,inf,0,inf
0.00000000000004593342444,inf,inf,0,inf
0.00000000000004598733691,inf,inf,0,inf
0.000000000000046041249380000004,inf,inf,0,inf
0.000000000000046095161850000005,inf,inf,0,inf
0.00000000000004614907432,inf,inf,0,inf
0.00000000000004620298679,inf,inf,0,inf
0.00000000000004625689926,inf,inf,0,inf
0.000000000000046310811730000004,inf,inf,0,inf
0.000000000000046364724200000005,inf,inf,0,inf
0.00000000000004641863667,inf,inf,0,inf
0.00000000000004647254914,inf,inf,0,inf
0.00000000000004652646161,inf,inf,0,inf
0.000000000000046580374080000004,inf,inf,0,inf
0.000000000000046634286550000005,inf,inf,0,inf
0.00000000000004668819902,inf,inf,0,inf
0.00000000000004674211149,inf,inf,0,inf
0.00000000000004679602396,inf,inf,0,inf
0.000000000000046849936430000004,inf,inf,0,inf
0.000000000000046903848900000005,inf,inf,0,inf
0.00000000000004695776137,inf,inf,0,inf
0.00000000000004701167384,inf,inf,0,inf
0.00000000000004706558631,inf,inf,0,inf
0.000000000000047119498780000004,inf,inf,0,inf
0.000000000000047173411250000005,inf,inf,0,inf
0.00000000000004722732372,inf,inf,0,inf
0.00000000000004728123619,inf,inf,0,inf
0.00000000000004733514866,inf,inf,0,inf
0.000000000000047389061130000004,inf,inf,0,inf
0.000000000000047442973600000005,inf,inf,0,inf
0.00000000000004749688607,inf,inf,0,inf
0.00000000000004755079854,inf,inf,0,inf
0.00000000000004760471101,inf,inf,0,inf
0.000000000000047658623480000004,inf,inf,0,inf
0.000000000000047712535950000005,inf,inf,0,inf
0.00000000000004776644842,inf,inf,0,inf
0.00000000000004782036089,inf,inf,0,inf
0.00000000000004787427336,inf,inf,0,inf
0.000000000000047928185830000004,inf,inf,0,inf
0.000000000000047982098300000005,inf,inf,0,inf
0.00000000000004803601077,inf,inf,0,inf
0.00000000000004808992324,inf,inf,0,inf
0.00000000000004814383571,inf,inf,0,inf
0.000000000000048197748180000004,inf,inf,0,inf
0.000000000000048251660650000005,inf,inf,0,inf
0.00000000000004830557312,inf,inf,0,inf
0.00000000000004835948559,inf,inf,0,inf
0.00000000000004841339806,inf,inf,0,inf
0.000000000000048467310530000004,inf,inf,0,inf
0.000000000000048521223000000005,inf,inf,0,inf
0.00000000000004857513547,inf,inf,0,inf
0.00000000000004862904794,inf,inf,0,inf
0.00000000000004868296041,inf,inf,0,inf
0.000000000000048736872880000004,inf,inf,0,inf
0.000000000000048790785350000005,inf,inf,0,inf
0.00000000000004884469782,inf,inf,0,inf
0.00000000000004889861029,inf,inf,0,inf
0.00000000000004895252276,inf,inf,0,inf
0.000000000000049006435230000004,inf,inf,0,inf
0.000000000000049060347700000005,inf,inf,0,inf
0.00000000000004911426017,inf,inf,0,inf
0.00000000000004916817264,inf,inf,0,inf
0.00000000000004922208511,inf,inf,0,inf
0.000000000000049275997580000004,inf,inf,0,inf
0.000000000000049329910050000005,inf,inf,0,inf
0.00000000000004938382252,inf,inf,0,inf
0.00000000000004943773499,inf,inf,0,inf
0.00000000000004949164746,inf,inf,0,inf
0.000000000000049545559930000004,inf,inf,0,inf
0.000000000000049599472400000005,inf,inf,0,inf
0.00000000000004965338487,inf,inf,0,inf
0.00000000000004970729734,inf,inf,0,inf
0.00000000000004976120981,inf,inf,0,inf
0.000000000000049815122280000004,inf,inf,0,inf
0.000000000000049869034750000005,inf,inf,0,inf
0.00000000000004992294722,inf,inf,0,inf
0.00000000000004997685969,inf,inf,0,inf
0.00000000000005003077216,inf,inf,0,inf
0.000000000000050084684630000003,inf,inf,0,inf
0.000000000000050138597100000005,inf,inf,0,inf
0.00000000000005019250957,inf,inf,0,inf
0.00000000000005024642204,inf,inf,0,inf
0.00000000000005030033451,inf,inf,0,inf
0.000000000000050354246980000003,inf,inf,0,inf
0.000000000000050408159450000005,inf,inf,0,inf
0.00000000000005046207192,inf,inf,0,inf
0.00000000000005051598439,inf,inf,0,inf
0.00000000000005056989686,inf,inf,0,inf
0.000000000000050623809330000003,inf,inf,0,inf
0.000000000000050677721800000005,inf,inf,0,inf
0.00000000000005073163427,inf,inf,0,inf
0.00000000000005078554674,inf,inf,0,inf
0.00000000000005083945921,inf,inf,0,inf
0.000000000000050893371680000003,inf,inf,0,inf
0.000000000000050947284150000005,inf,inf,0,inf
0.00000000000005100119662,inf,inf,0,inf
0.00000000000005105510909,inf,inf,0,inf
0.00000000000005110902156,inf,inf,0,inf
0.000000000000051162934030000003,inf,inf,0,inf
0.000000000000051216846500000005,inf,inf,0,inf
0.00000000000005127075897,inf,inf,0,inf
0.00000000000005132467144,inf,inf,0,inf
0.00000000000005137858391,inf,inf,0,inf
0.000000000000051432496380000003,inf,inf,0,inf
0.000000000000051486408850000005,inf,inf,0,inf
0.00000000000005154032132,inf,inf,0,inf
0.00000000000005159423379,inf,inf,0,inf
0.00000000000005164814626,inf,inf,0,inf
0.000000000000051702058730000003,inf,inf,0,inf
0.000000000000051755971200000004,inf,inf,0,inf
0.00000000000005180988367,inf,inf,0,inf
0.00000000000005186379614,inf,inf,0,inf
0.00000000000005191770861,inf,inf,0,inf
0.000000000000051971621080000003,inf,inf,0,inf
0.000000000000052025533550000004,inf,inf,0,inf
0.00000000000005207944602,inf,inf,0,inf
0.00000000000005213335849,inf,inf,0,inf
0.00000000000005218727096,inf,inf,0,inf
0.00000000000005224118343,inf,inf,0,inf
0.000000000000052295095900000004,inf,inf,0,inf
0.000000000000052349008370000006,inf,inf,0,inf
0.00000000000005240292084,inf,inf,0,inf
0.00000000000005245683331,inf,inf,0,inf
0.00000000000005251074578,inf,inf,0,inf
0.000000000000052564658250000004,inf,inf,0,inf
0.000000000000052618570720000006,inf,inf,0,inf
0.00000000000005267248319,inf,inf,0,inf
0.00000000000005272639566,inf,inf,0,inf
0.00000000000005278030813,inf,inf,0,inf
0.000000000000052834220600000004,inf,inf,0,inf
0.000000000000052888133070000006,inf,inf,0,inf
0.00000000000005294204554,inf,inf,0,inf
0.00000000000005299595801,inf,inf,0,inf
0.00000000000005304987048,inf,inf,0,inf
0.000000000000053103782950000004,inf,inf,0,inf
0.000000000000053157695420000006,inf,inf,0,inf
0.00000000000005321160789,inf,inf,0,inf
0.00000000000005326552036,inf,inf,0,inf
0.00000000000005331943283,inf,inf,0,inf
0.000000000000053373345300000004,inf,inf,0,inf
0.000000000000053427257770000005,inf,inf,0,inf
0.00000000000005348117024,inf,inf,0,inf
0.00000000000005353508271,inf,inf,0,inf
0.00000000000005358899518,inf,inf,0,inf
0.000000000000053642907650000004,inf,inf,0,inf
0.000000000000053696820120000005,inf,inf,0,inf
0.00000000000005375073259,inf,inf,0,inf
0.00000000000005380464506,inf,inf,0,inf
0.00000000000005385855753,inf,inf,0,inf
